Time,HR
07:05:37,84
07:05:42,86
07:05:47,82
07:05:52,87
07:05:57,93
07:06:02,95
07:06:07,96
07:06:12,97
07:06:17,95
07:06:27,94
07:06:32,94
07:06:42,93
07:06:52,92
07:06:57,94
07:07:02,98
07:07:07,100
07:07:12,101
07:07:22,100
07:07:27,103
07:07:37,99
07:07:42,98
07:07:57,98
07:08:02,97
07:08:09,97
07:08:14,96
07:08:19,95
07:08:34,95
07:08:49,95
07:08:59,95
07:09:09,97
07:09:14,101
07:09:19,102
07:09:24,103
07:09:29,106
07:09:34,107
07:09:39,108
07:09:44,111
07:09:49,114
07:09:54,117
07:10:04,115
07:10:14,111
07:10:19,109
07:10:29,108
07:10:39,109
07:10:44,112
07:10:49,113
07:10:54,114
07:10:59,113
07:11:09,115
07:11:24,115
07:11:25,115
07:11:30,114
07:11:35,113
07:11:40,115
07:11:50,112
07:11:55,113
07:12:00,111
07:12:05,112
07:12:15,111
07:12:20,109
07:12:25,107
07:12:35,106
07:12:40,105
07:12:45,106
07:12:50,108
07:12:55,109
07:13:00,107
07:13:05,105
07:13:10,102
07:13:15,104
07:13:20,105
07:13:25,104
07:13:30,99
07:13:35,96
07:13:45,99
07:13:50,100
07:14:00,99
07:14:07,97
07:14:12,96
07:14:17,94
07:14:27,93
07:14:32,91
07:14:47,90
07:15:02,90
07:15:07,88
07:15:12,92
07:15:17,95
07:15:22,94
07:15:27,96
07:15:32,97
07:15:37,95
07:15:52,91
07:15:57,86
07:16:02,83
07:16:12,81
07:16:17,80
07:16:22,77
07:16:27,76
07:16:32,75
07:16:42,77
07:16:47,79
07:17:02,79
07:17:17,78
07:17:22,77
07:17:29,76
07:17:34,75
07:17:49,75
07:18:04,75
07:18:19,78
07:18:29,77
07:18:34,79
07:18:44,78
07:18:54,77
07:18:59,81
07:19:04,81
07:19:09,84
07:19:14,85
07:19:24,86
07:19:29,84
07:19:34,79
07:19:39,78
07:19:44,77
07:19:49,76
07:19:54,77
07:19:59,78
07:20:04,79
07:20:09,78
07:20:24,77
07:20:29,78
07:20:34,77
07:20:44,76
07:20:51,78
07:21:01,84
07:21:06,84
07:21:16,83
07:21:21,82
07:21:26,82
07:21:41,82
07:21:46,81
07:22:01,79
07:22:16,78
07:22:31,78
07:22:41,78
07:22:46,78
07:22:56,78
07:23:01,78
07:23:11,79
07:23:16,79
07:23:21,81
07:23:26,82
07:23:36,82
07:23:41,81
07:23:51,80
07:23:56,79
07:24:01,78
07:24:06,77
07:24:11,78
07:24:16,78
07:24:22,78
07:24:27,75
07:24:37,77
07:24:42,76
07:24:47,76
07:24:52,77
07:25:07,77
07:25:17,78
07:25:22,79
07:25:27,80
07:25:32,80
07:25:37,85
07:25:42,86
07:25:47,84
07:25:52,83
07:26:02,75
07:26:07,73
07:26:22,74
07:26:32,75
07:26:42,74
07:26:52,76
07:26:57,77
07:27:02,78
07:27:12,77
07:27:27,77
07:27:32,76
07:27:37,77
07:27:44,77
07:27:49,79
07:27:54,83
07:27:59,83
07:28:04,81
07:28:09,78
07:28:19,77
07:28:29,80
07:28:34,81
07:28:39,80
07:28:44,79
07:28:59,79
07:29:04,82
07:29:09,77
07:29:14,74
07:29:19,73
07:29:34,73
07:29:49,73
07:30:04,73
07:30:19,75
07:30:29,76
07:30:44,77
07:30:49,79
07:30:54,82
07:30:59,83
07:31:04,86
07:31:19,86
07:31:21,86
07:31:36,84
07:31:51,84
07:31:56,83
07:32:01,82
07:32:06,82
07:32:16,79
07:32:31,81
07:32:36,84
07:32:41,86
07:32:56,83
07:33:01,85
07:33:06,87
07:33:11,88
07:33:21,87
07:33:26,86
07:33:41,86
07:33:56,85
07:34:06,84
07:34:21,84
07:34:26,85
07:34:41,85
07:34:51,84
07:34:56,85
07:35:01,86
07:35:06,85
07:35:11,84
07:35:18,86
07:35:33,86
07:35:38,85
07:35:53,87
07:35:58,86
07:36:08,86
07:36:13,85
07:36:28,85
07:36:38,86
07:36:43,87
07:36:48,88
07:37:03,88
07:37:13,89
07:37:23,88
07:37:33,89
07:37:38,88
07:37:43,87
07:37:48,86
07:37:53,88
07:37:58,89
07:38:03,92
07:38:13,89
07:38:18,88
07:38:23,87
07:38:28,87
07:38:43,87
07:38:58,87
07:39:00,87
07:39:05,86
07:39:20,85
07:39:35,85
07:39:40,84
07:39:50,85
07:39:55,88
07:40:00,91
07:40:10,92
07:40:15,98
07:40:20,99
07:40:30,102
07:40:35,105
07:40:40,103
07:40:45,101
07:40:50,100
07:40:55,101
07:41:00,99
07:41:05,103
07:41:10,101
07:41:20,102
07:41:25,103
07:41:30,102
07:41:35,103
07:41:40,101
07:41:45,102
07:41:55,103
07:42:01,108
07:42:06,110
07:42:11,116
07:42:16,115
07:42:21,118
07:42:26,122
07:42:31,119
07:42:36,117
07:42:41,124
07:42:46,128
07:42:51,128
07:42:56,126
07:43:01,121
07:43:06,116
07:43:11,112
07:43:16,110
07:43:26,109
07:43:31,114
07:43:36,119
07:43:41,125
07:43:51,120
07:43:56,116
07:44:01,119
07:44:06,120
07:44:11,126
07:44:16,130
07:44:21,132
07:44:28,135
07:44:33,138
07:44:38,139
07:44:43,140
07:44:53,139
07:44:58,136
07:45:03,132
07:45:08,126
07:45:13,121
07:45:18,119
07:45:23,114
07:45:28,112
07:45:33,111
07:45:48,111
07:45:53,114
07:45:58,112
07:46:03,108
07:46:08,109
07:46:13,111
07:46:18,108
07:46:23,106
07:46:28,105
07:46:33,104
07:46:38,103
07:46:43,101
07:46:48,100
07:46:53,99
07:46:59,99
07:47:04,98
07:47:14,99
07:47:19,99
07:47:24,102
07:47:29,103
07:47:34,107
07:47:39,110
07:47:44,111
07:47:49,110
07:47:54,116
07:47:59,120
07:48:04,122
07:48:14,120
07:48:24,119
07:48:29,118
07:48:44,115
07:48:54,114
07:49:04,111
07:49:09,109
07:49:19,109
07:49:24,114
07:49:29,116
07:49:34,113
07:49:39,117
07:49:49,116
07:49:54,118
07:50:01,118
07:50:06,111
07:50:11,112
07:50:16,115
07:50:21,112
07:50:26,113
07:50:31,118
07:50:36,117
07:50:41,115
07:50:46,116
07:50:51,115
07:50:56,114
07:51:01,111
07:51:06,105
07:51:11,102
07:51:16,105
07:51:21,106
07:51:26,110
07:51:31,108
07:51:36,107
07:51:41,108
07:51:46,104
07:51:51,106
07:52:01,111
07:52:06,115
07:52:11,117
07:52:26,117
07:52:27,117
07:52:32,116
07:52:37,115
07:52:42,111
07:52:47,109
07:52:52,110
07:52:57,111
07:53:02,112
07:53:07,111
07:53:12,113
07:53:17,115
07:53:22,116
07:53:32,115
07:53:37,117
07:53:42,120
07:53:47,122
07:53:52,123
07:54:02,120
07:54:07,119
07:54:17,116
07:54:22,111
07:54:27,108
07:54:37,108
07:54:42,106
07:54:47,106
07:54:52,105
07:54:57,104
07:55:04,104
07:55:19,106
07:55:29,101
07:55:34,103
07:55:49,103
07:55:54,101
07:55:59,99
07:56:04,98
07:56:19,98
07:56:34,97
07:56:39,95
07:56:49,97
07:56:54,101
07:56:59,106
07:57:14,111
07:57:19,118
07:57:24,122
07:57:29,125
07:57:34,128
07:57:39,132
07:57:44,134
07:57:49,136
07:57:54,137
07:57:59,138
07:58:04,138
07:58:09,137
07:58:14,135
07:58:20,133
07:58:25,131
07:58:30,127
07:58:35,126
07:58:40,121
07:58:45,118
07:58:55,121
07:59:00,120
07:59:05,113
07:59:10,109
07:59:15,106
07:59:20,104
07:59:30,102
07:59:40,101
07:59:50,100
07:59:55,101
08:00:00,102
08:00:10,104
08:00:20,103
08:00:30,109
08:00:35,118
08:00:40,119
08:00:45,113
08:00:55,109
08:01:10,112
08:01:15,113
08:01:22,111
08:01:27,109
08:01:32,108
08:01:37,107
08:01:42,106
08:01:52,105
08:01:57,106
08:02:12,107
08:02:17,105
08:02:22,100
08:02:32,102
08:02:42,108
08:02:47,99
08:02:52,97
08:02:57,90
08:03:02,89
08:03:07,88
08:03:12,87
08:03:27,86
08:03:32,83
08:03:37,88
08:03:42,92
08:03:47,98
08:03:52,103
08:04:02,102
08:04:07,97
08:04:14,93
08:04:19,90
08:04:24,91
08:04:29,89
08:04:34,88
08:04:39,89
08:04:44,89
08:04:49,90
08:04:54,92
08:04:59,94
08:05:04,95
08:05:19,79
08:05:24,79
08:05:29,80
08:05:39,79
08:05:49,80
08:05:54,81
08:05:59,84
08:06:09,86
08:06:14,88
08:06:19,89
08:06:24,90
08:06:29,92
08:06:39,94
08:06:44,97
08:06:49,98
08:06:55,98
08:07:05,98
08:07:10,99
08:07:15,111
08:07:20,113
08:07:25,111
08:07:30,110
08:07:40,109
08:07:45,107
08:07:55,105
08:08:00,102
08:08:10,98
08:08:15,101
08:08:20,104
08:08:25,106
08:08:30,105
08:08:40,71
08:08:55,73
08:09:00,73
08:09:10,75
08:09:15,76
08:09:30,74
08:09:32,74
08:09:37,73
08:09:42,72
08:09:47,72
08:09:52,74
08:09:57,77
08:10:02,78
08:10:12,77
08:10:22,78
08:10:27,81
08:10:32,82
08:10:42,83
08:10:47,85
08:10:52,87
08:10:57,78
08:11:02,83
08:11:07,84
08:11:12,86
08:11:27,85
08:11:42,84
08:11:47,85
08:11:52,88
08:12:07,89
08:12:22,88
08:12:37,86
08:12:42,85
08:12:48,84
08:13:03,84
08:13:13,83
08:13:18,84
08:13:23,85
08:13:33,86
08:13:43,85
08:13:58,85
08:14:13,85
08:14:18,85
08:14:33,85
08:14:48,85
08:14:53,87
08:14:58,84
08:15:03,84
08:15:13,81
08:15:18,79
08:15:23,79
08:15:38,79
08:15:53,91
08:16:08,90
08:16:18,89
08:16:23,88
08:16:33,87
08:16:43,86
08:16:53,85
08:17:01,85
08:17:16,83
08:17:26,81
08:17:31,80
08:17:36,82
08:17:41,84
08:17:46,84
08:18:01,84
08:18:06,83
08:18:21,83
08:18:31,83
08:18:46,83
08:18:51,82
08:18:56,81
08:19:01,89
08:19:11,90
08:19:16,88
08:19:21,87
08:19:26,85
08:19:41,85
08:19:51,86
08:19:56,88
08:20:01,91
08:20:06,92
08:20:11,90
08:20:16,88
08:20:23,88
08:20:28,89
08:20:33,89
08:20:38,89
08:20:43,88
08:20:48,88
08:20:53,88
08:20:58,90
08:21:13,90
08:21:18,90
08:21:23,89
08:21:28,82
08:21:33,81
08:21:38,80
08:21:53,81
08:22:03,83
08:22:08,82
08:22:23,80
08:22:38,80
08:22:53,81
08:23:03,83
08:23:08,84
08:23:23,84
08:23:33,83
08:23:38,82
08:23:43,80
08:23:49,94
08:23:54,95
08:24:09,95
08:24:14,94
08:24:19,88
08:24:24,86
08:24:29,85
08:24:34,84
08:24:39,83
08:24:44,80
08:24:49,82
08:25:04,81
08:25:09,80
08:25:19,79
08:25:24,80
08:25:39,80
08:25:49,81
08:25:54,82
08:25:59,84
08:26:09,83
08:26:14,82
08:26:19,79
08:26:24,78
08:26:29,80
08:26:34,80
08:26:49,81
08:26:54,79
08:27:01,89
08:27:06,90
08:27:11,88
08:27:21,82
08:27:26,83
08:27:31,84
08:27:41,80
08:27:46,78
08:27:51,77
08:28:01,77
08:28:06,79
08:28:11,80
08:28:16,83
08:28:21,84
08:28:26,83
08:28:41,83
08:28:56,82
08:29:06,78
08:29:11,79
08:29:21,80
08:29:36,80
08:29:51,81
08:30:06,80
08:30:11,79
08:30:21,80
08:30:26,79
08:30:31,80
08:30:38,80
08:30:48,81
08:30:53,82
08:30:58,86
08:31:03,88
08:31:13,87
08:31:18,86
08:31:28,88
08:31:33,85
08:31:38,84
08:31:43,85
08:31:48,84
08:31:58,83
08:32:08,74
08:32:13,75
08:32:18,74
08:32:33,79
08:32:43,81
08:32:48,82
08:32:53,84
08:33:08,84
08:33:23,83
08:33:28,83
08:33:43,83
08:33:58,83
08:34:13,80
08:34:15,80
08:34:20,82
08:34:30,81
08:34:40,80
08:34:55,80
08:35:00,81
08:35:10,81
08:35:15,90
08:35:30,90
08:35:35,89
08:35:40,89
08:35:55,87
08:36:00,80
08:36:05,78
08:36:10,79
08:36:15,78
08:36:20,77
08:36:25,76
08:36:30,74
08:36:35,73
08:36:40,73
08:36:45,74
08:36:50,74
08:37:00,76
08:37:05,79
08:37:10,77
08:37:16,79
08:37:21,80
08:37:26,81
08:37:31,80
08:37:46,80
08:37:51,78
08:37:56,79
08:38:01,78
08:38:06,77
08:38:11,76
08:38:16,76
08:38:26,77
08:38:41,77
08:38:51,77
08:38:56,77
08:39:06,78
08:39:11,79
08:39:16,77
08:39:26,77
08:39:31,77
08:39:36,78
08:39:41,80
08:39:51,79
08:40:06,79
08:40:16,79
08:40:26,79
08:40:41,79
08:40:43,79
08:40:53,79
08:41:08,80
08:41:18,79
08:41:23,78
08:41:38,79
08:41:48,79
08:41:58,77
08:42:03,76
08:42:08,77
08:42:13,77
08:42:18,79
08:42:23,75
08:42:38,79
08:42:43,78
08:42:48,77
08:42:53,76
08:43:03,75
08:43:08,74
08:43:23,75
08:43:28,75
08:43:33,76
08:43:38,76
08:43:43,80
08:43:53,79
08:43:58,80
08:44:03,85
08:44:10,84
08:44:25,84
08:44:40,84
08:44:50,86
08:45:05,86
08:45:10,85
08:45:25,85
08:45:30,85
08:45:45,85
08:46:00,85
08:46:15,84
08:46:25,84
08:46:40,84
08:46:45,83
08:47:00,82
08:47:15,82
08:47:25,81
08:47:30,82
08:47:45,81
08:47:50,80
08:47:55,80
08:48:10,80
08:48:25,82
08:48:30,81
08:48:35,81
08:48:45,81
08:48:50,79
08:48:58,79
08:49:03,78
08:49:08,76
08:49:18,75
08:49:33,75
08:49:48,75
08:49:53,76
08:49:58,77
08:50:08,76
08:50:13,75
08:50:23,74
08:50:28,75
08:50:33,74
08:50:38,72
08:50:43,71
08:50:48,70
08:50:53,85
08:50:58,81
08:51:13,81
08:51:28,81
08:51:43,88
08:51:48,88
08:51:58,87
08:52:13,86
08:52:23,86
08:52:30,89
08:52:35,88
08:52:40,87
08:52:50,86
08:52:55,85
08:53:00,84
08:53:05,83
08:53:10,84
08:53:25,85
08:53:40,85
08:53:45,85
08:54:00,85
08:54:10,85
08:54:15,84
08:54:30,83
08:54:35,78
08:54:40,80
08:54:45,77
08:54:50,77
08:55:05,79
08:55:10,78
08:55:15,78
08:55:20,77
08:55:25,78
08:55:30,79
08:55:40,80
08:55:45,79
08:55:52,78
08:55:57,77
08:56:02,75
08:56:12,75
08:56:17,77
08:56:22,80
08:56:27,82
08:56:32,81
08:56:47,81
08:56:57,81
08:57:02,81
08:57:17,84
08:57:32,84
08:57:42,83
08:57:57,83
08:58:12,83
08:58:27,83
08:58:42,82
08:58:47,83
08:58:52,86
08:58:57,87
08:59:12,87
08:59:17,84
08:59:22,79
08:59:27,82
08:59:37,80
08:59:42,80
08:59:49,80
09:00:04,80
09:00:19,79
09:00:24,78
09:00:39,78
09:00:54,78
09:01:09,78
09:01:24,78
09:01:29,77
09:01:44,77
09:01:49,78
09:01:54,77
09:02:04,78
09:02:09,79
09:02:24,78
09:02:29,80
09:02:44,80
09:02:49,69
09:03:04,69
09:03:09,70
09:03:24,70
09:03:29,71
09:03:39,73
09:03:44,64
09:03:54,63
09:04:01,62
09:04:11,61
09:04:16,62
09:04:31,81
09:04:46,81
09:04:56,81
09:05:06,83
09:05:11,86
09:05:16,87
09:05:21,89
09:05:36,89
09:05:51,89
09:06:01,88
09:06:16,88
09:06:31,88
09:06:36,88
09:06:51,88
09:06:56,87
09:07:11,86
09:07:26,85
09:07:31,84
09:07:36,84
09:07:46,82
09:07:51,80
09:07:56,78
09:08:03,78
09:08:13,64
09:08:18,62
09:08:23,61
09:08:33,62
09:08:43,64
09:08:48,66
09:08:53,68
09:09:08,68
09:09:18,68
09:09:28,69
09:09:33,70
09:09:48,70
09:09:58,75
09:10:03,74
09:10:08,75
09:10:13,74
09:10:23,72
09:10:38,72
09:10:43,78
09:10:53,77
09:11:03,77
09:11:13,79
09:11:18,80
09:11:23,78
09:11:28,77
09:11:35,77
09:11:40,77
09:11:45,79
09:11:55,80
09:12:00,81
09:12:10,80
09:12:25,80
09:12:40,80
09:12:55,80
09:13:10,80
09:13:25,80
09:13:35,80
09:13:40,79
09:13:45,78
09:14:00,86
09:14:05,92
09:14:10,90
09:14:15,88
09:14:20,88
09:14:25,87
09:14:35,88
09:14:40,87
09:14:45,88
09:15:00,88
09:15:05,89
09:15:10,90
09:15:17,91
09:15:22,90
09:15:32,89
09:15:37,88
09:15:42,88
09:15:47,87
09:16:02,85
09:16:12,84
09:16:17,83
09:16:27,82
09:16:32,81
09:16:37,78
09:16:42,77
09:16:57,76
09:17:02,77
09:17:07,75
09:17:12,74
09:17:27,76
09:17:32,80
09:17:37,84
09:17:42,86
09:17:47,84
09:17:52,82
09:17:57,78
09:18:02,77
09:18:07,76
09:18:12,75
09:18:19,76
09:18:29,84
09:18:34,83
09:18:39,82
09:18:44,81
09:18:54,80
09:18:59,81
09:19:04,82
09:19:09,79
09:19:24,79
09:19:29,79
09:19:44,79
09:19:49,77
09:20:04,77
09:20:09,76
09:20:14,77
09:20:19,77
09:20:34,76
09:20:44,80
09:20:59,80
09:21:14,79
09:21:19,84
09:21:24,87
09:21:34,86
09:21:44,85
09:21:59,84
09:22:01,84
09:22:11,83
09:22:16,82
09:22:21,74
09:22:26,69
09:22:41,71
09:22:46,73
09:22:51,74
09:22:56,75
09:23:11,75
09:23:16,76
09:23:21,76
09:23:26,71
09:23:41,71
09:23:56,71
09:24:06,72
09:24:11,74
09:24:26,74
09:24:31,75
09:24:41,77
09:24:46,77
09:25:01,77
09:25:06,76
09:25:21,76
09:25:26,75
09:25:41,75
09:25:56,75
09:25:58,75
09:26:03,76
09:26:18,76
09:26:23,74
09:26:38,73
09:26:53,72
09:26:58,71
09:27:13,71
09:27:28,71
09:27:43,71
09:27:48,70
09:27:58,71
09:28:13,72
09:28:28,72
09:28:33,71
09:28:48,71
09:29:03,71
09:29:08,72
09:29:23,74
09:29:28,75
09:29:38,75
09:29:43,77
09:29:48,76
09:29:53,77
09:30:03,78
09:30:08,77
09:30:13,77
09:30:20,77
09:30:35,78
09:30:40,79
09:30:45,80
09:30:50,80
09:30:55,77
09:31:00,75
09:31:05,75
09:31:10,76
09:31:25,76
09:31:30,77
09:31:35,78
09:31:40,80
09:31:45,80
09:32:00,80
09:32:05,79
09:32:10,79
09:32:15,79
09:32:20,78
09:32:35,78
09:32:40,80
09:32:55,80
09:33:00,79
09:33:15,78
09:33:25,78
09:33:30,79
09:33:48,67
09:33:53,62
09:34:08,62
09:34:13,61
09:34:23,62
09:34:28,62
09:34:43,62
09:34:48,62
09:34:53,63
09:34:58,64
09:35:13,69
09:35:18,69
09:35:23,68
09:35:28,69
09:35:33,71
09:35:38,70
09:35:48,77
09:35:53,77
09:35:58,76
09:36:03,75
09:36:08,74
09:36:13,80
09:36:18,79
09:36:28,78
09:36:43,77
09:36:48,76
09:36:53,75
09:37:00,76
09:37:05,74
09:37:10,74
09:37:25,74
09:37:40,75
09:37:55,76
09:38:00,77
09:38:15,78
09:38:20,78
09:38:25,79
09:38:30,80
09:38:45,82
09:38:50,86
09:38:55,87
09:39:05,89
09:39:10,88
09:39:25,87
09:39:35,81
09:39:40,80
09:39:55,79
09:40:05,79
09:40:10,82
09:40:15,84
09:40:20,83
09:40:25,83
09:40:30,86
09:40:40,82
09:40:47,82
09:40:52,81
09:40:57,82
09:41:02,85
09:41:07,82
09:41:12,82
09:41:17,81
09:41:27,80
09:41:32,81
09:41:47,81
09:42:02,82
09:42:17,83
09:42:22,85
09:42:27,87
09:42:32,89
09:42:37,90
09:42:42,92
09:42:47,94
09:42:52,95
09:42:57,96
09:43:02,98
09:43:07,100
09:43:17,99
09:43:32,99
09:43:37,99
09:43:52,99
09:44:09,80
09:44:14,79
09:44:29,79
09:44:34,74
09:44:39,71
09:44:44,69
09:44:59,71
09:45:09,74
09:45:14,76
09:45:19,78
09:45:24,80
09:45:29,82
09:45:34,84
09:45:44,82
09:45:49,84
09:45:54,85
09:45:59,88
09:46:04,91
09:46:09,88
09:46:14,90
09:46:19,91
09:46:24,94
09:46:29,97
09:46:44,98
09:46:49,99
09:46:59,101
09:47:04,100
09:47:10,101
09:47:15,100
09:47:20,97
09:47:25,94
09:47:30,91
09:47:40,91
09:47:45,89
09:47:50,85
09:47:55,83
09:48:00,69
09:48:05,67
09:48:20,66
09:48:35,66
09:48:50,65
09:49:05,65
09:49:10,66
09:49:20,65
09:49:30,66
09:49:35,68
09:49:40,71
09:49:45,70
09:50:00,71
09:50:05,72
09:50:10,73
09:50:15,72
09:50:20,72
09:50:27,72
09:50:37,72
09:50:52,72
09:50:57,71
09:51:02,69
09:51:17,69
09:51:32,69
09:51:42,65
09:51:47,63
09:51:52,71
09:51:57,72
09:52:02,71
09:52:17,71
09:52:27,70
09:52:32,70
09:52:37,70
09:52:52,70
09:53:07,70
09:53:22,70
09:53:37,70
09:53:42,71
09:53:52,70
09:54:07,70
09:54:12,71
09:54:17,75
09:54:22,73
09:54:29,73
09:54:34,76
09:54:39,77
09:54:44,76
09:54:59,75
09:55:04,74
09:55:19,74
09:55:34,75
09:55:49,76
09:55:59,77
09:56:04,78
09:56:09,79
09:56:14,78
09:56:29,78
09:56:44,78
09:56:59,78
09:57:14,79
09:57:19,74
09:57:24,75
09:57:29,76
09:57:39,77
09:57:44,76
09:57:59,76
09:58:14,76
09:58:19,76
09:58:34,76
09:58:49,76
09:58:51,76
09:59:06,76
09:59:21,76
09:59:31,75
09:59:46,75
10:00:01,75
10:00:16,75
10:00:31,75
10:00:46,75
10:00:56,79
10:01:01,79
10:01:16,78
10:01:21,79
10:01:26,79
10:01:41,79
10:01:56,79
10:02:11,79
10:02:16,81
10:02:21,80
10:02:26,77
10:02:31,76
10:02:36,76
10:02:41,75
10:02:56,75
10:03:01,75
10:03:16,76
10:03:21,79
10:03:29,80
10:03:34,80
10:03:39,81
10:03:44,80
10:03:49,80
10:04:04,80
10:04:19,80
10:04:34,80
10:04:44,79
10:04:59,79
10:05:14,79
10:05:29,79
10:05:39,77
10:05:49,76
10:05:54,76
10:06:04,75
10:06:19,75
10:06:34,75
10:06:49,75
10:06:54,74
10:06:59,74
10:07:04,74
10:07:14,76
10:07:24,75
10:07:29,74
10:07:39,75
10:07:49,74
10:07:57,74
10:08:12,74
10:08:17,75
10:08:22,74
10:08:27,78
10:08:32,79
10:08:37,77
10:08:42,76
10:08:57,76
10:09:07,76
10:09:12,76
10:09:17,76
10:09:22,76
10:09:27,75
10:09:32,73
10:09:37,74
10:09:42,76
10:09:57,76
10:10:02,75
10:10:07,74
10:10:12,73
10:10:22,74
10:10:37,73
10:10:52,73
10:11:07,73
10:11:22,73
10:11:37,73
10:11:39,73
10:11:44,78
10:11:54,77
10:11:59,80
10:12:04,82
10:12:14,83
10:12:19,72
10:12:24,69
10:12:39,69
10:12:54,69
10:13:04,69
10:13:14,69
10:13:19,70
10:13:24,70
10:13:29,73
10:13:44,73
10:13:49,72
10:13:54,70
10:13:59,70
10:14:09,69
10:14:14,64
10:14:24,65
10:14:29,72
10:14:44,72
10:14:59,73
10:15:04,76
10:15:11,76
10:15:21,75
10:15:31,79
10:15:41,78
10:15:46,79
10:15:51,77
10:16:01,76
10:16:16,75
10:16:21,74
10:16:36,74
10:16:46,73
10:16:51,73
10:17:06,73
10:17:21,73
10:17:26,74
10:17:31,75
10:17:46,75
10:17:51,82
10:17:56,81
10:18:11,81
10:18:16,82
10:18:21,80
10:18:26,79
10:18:31,78
10:18:41,78
10:18:46,78
10:18:56,77
10:19:03,74
10:19:13,74
10:19:18,74
10:19:33,74
10:19:48,87
10:19:53,88
10:19:58,89
10:20:08,87
10:20:18,78
10:20:33,73
10:20:38,76
10:20:43,76
10:20:58,75
10:21:03,74
10:21:13,73
10:21:18,72
10:21:28,72
10:21:38,81
10:21:43,81
10:21:53,84
10:22:08,83
10:22:23,96
10:22:28,103
10:22:35,103
10:22:40,102
10:22:45,101
10:22:50,101
10:22:55,100
10:23:00,96
10:23:10,95
10:23:15,93
10:23:30,95
10:23:35,98
10:23:40,101
10:23:45,104
10:23:50,105
10:23:55,99
10:24:00,100
10:24:05,99
10:24:20,97
10:24:25,95
10:24:40,98
10:24:45,83
10:24:50,84
10:24:55,85
10:25:00,87
10:25:05,89
10:25:10,88
10:25:20,86
10:25:27,84
10:25:32,85
10:25:37,88
10:25:42,92
10:25:47,95
10:25:52,96
10:25:57,97
10:26:02,98
10:26:07,100
10:26:12,101
10:26:17,97
10:26:22,99
10:26:27,101
10:26:32,101
10:26:42,102
10:26:52,108
10:26:57,107
10:27:02,111
10:27:07,110
10:27:12,107
10:27:22,110
10:27:27,111
10:27:32,112
10:27:37,110
10:27:47,112
10:27:57,111
10:28:02,109
10:28:08,107
10:28:13,108
10:28:18,110
10:28:23,113
10:28:28,112
10:28:33,111
10:28:43,110
10:28:48,109
10:28:53,107
10:28:58,105
10:29:08,106
10:29:13,103
10:29:18,101
10:29:23,100
10:29:33,102
10:29:38,105
10:29:43,106
10:29:48,107
10:29:58,108
10:30:03,112
10:30:08,113
10:30:13,116
10:30:18,117
10:30:28,115
10:30:33,111
10:30:38,112
10:30:53,112
10:30:55,112
10:31:00,110
10:31:05,109
10:31:10,108
10:31:15,107
10:31:30,103
10:31:35,99
10:31:50,100
10:31:55,101
10:32:05,104
10:32:10,105
10:32:20,106
10:32:35,105
10:32:40,106
10:32:55,106
10:33:05,105
10:33:20,106
10:33:25,107
10:33:30,108
10:33:45,107
10:33:50,104
10:33:55,101
10:34:00,99
10:34:05,100
10:34:10,97
10:34:20,95
10:34:25,92
10:34:31,89
10:34:36,87
10:34:41,88
10:34:51,89
10:34:56,91
10:35:01,94
10:35:06,98
10:35:11,99
10:35:21,99
10:35:26,102
10:35:36,103
10:35:41,99
10:35:46,94
10:35:51,93
10:35:56,95
10:36:01,96
10:36:06,98
10:36:11,100
10:36:16,98
10:36:21,99
10:36:31,98
10:36:46,97
10:37:01,97
10:37:06,99
10:37:11,102
10:37:16,103
10:37:21,105
10:37:28,105
10:37:33,103
10:37:38,104
10:37:48,103
10:38:03,103
10:38:08,102
10:38:13,101
10:38:23,100
10:38:28,100
10:38:38,98
10:38:43,96
10:38:53,96
10:39:03,96
10:39:08,96
10:39:18,95
10:39:28,94
10:39:33,93
10:39:38,92
10:39:43,93
10:39:58,93
10:40:03,92
10:40:08,92
10:40:18,93
10:40:23,97
10:40:28,98
10:40:33,97
10:40:48,96
10:40:50,96
10:40:55,95
10:41:00,94
10:41:05,92
10:41:10,91
10:41:25,91
10:41:35,92
10:41:45,89
10:41:50,88
10:41:55,86
10:42:05,85
10:42:20,85
10:42:30,84
10:42:35,81
10:42:50,82
10:43:05,82
10:43:20,82
10:43:30,83
10:43:35,82
10:43:50,82
10:43:55,83
10:44:00,83
10:44:15,83
10:44:25,86
10:44:30,86
10:44:40,85
10:44:50,84
10:44:57,84
10:45:02,83
10:45:07,85
10:45:17,84
10:45:32,84
10:45:47,79
10:45:52,78
10:46:07,78
10:46:22,78
10:46:32,79
10:46:47,79
10:46:57,78
10:47:07,78
10:47:22,78
10:47:37,78
10:47:52,77
10:47:57,79
10:48:07,81
10:48:22,81
10:48:32,80
10:48:47,80
10:48:57,81
10:49:07,80
10:49:12,81
10:49:17,75
10:49:22,74
10:49:27,75
10:49:34,76
10:49:39,77
10:49:44,78
10:49:59,78
10:50:04,78
10:50:19,63
10:50:24,60
10:50:39,61
10:50:49,68
10:50:54,77
10:50:59,78
10:51:14,79
10:51:24,78
10:51:29,78
10:51:44,78
10:51:59,79
10:52:04,79
10:52:19,78
10:52:24,77
10:52:34,77
10:52:49,77
10:52:59,78
10:53:04,77
10:53:09,76
10:53:14,75
10:53:21,75
10:53:36,75
10:53:41,76
10:53:56,76
10:54:01,75
10:54:16,74
10:54:31,74
10:54:36,73
10:54:41,75
10:54:46,75
10:54:56,80
10:55:06,80
10:55:11,79
10:55:16,78
10:55:31,78
10:55:41,79
10:55:46,78
10:56:01,78
10:56:06,77
10:56:11,77
10:56:16,77
10:56:26,78
10:56:31,75
10:56:46,74
10:56:56,72
10:57:01,72
10:57:06,73
10:57:14,73
10:57:29,75
10:57:44,75
10:57:54,76
10:57:59,87
10:58:04,89
10:58:09,86
10:58:14,80
10:58:19,83
10:58:24,81
10:58:39,79
10:58:44,78
10:58:54,80
10:58:59,83
10:59:04,86
10:59:09,86
10:59:24,86
10:59:29,85
10:59:34,89
10:59:39,89
10:59:54,88
10:59:59,89
11:00:04,88
11:00:19,94
11:00:29,93
11:00:39,92
11:00:45,92
11:01:00,92
11:01:15,92
11:01:30,92
11:01:45,92
11:01:50,90
11:01:55,89
11:02:10,89
11:02:25,87
11:02:30,85
11:02:35,84
11:02:50,84
11:03:05,83
11:03:10,86
11:03:15,88
11:03:20,89
11:03:35,89
11:03:40,90
11:03:55,90
11:04:05,82
11:04:10,82
11:04:15,81
11:04:30,78
11:04:40,77
11:04:50,75
11:05:00,74
11:05:10,75
11:05:18,75
11:05:23,83
11:05:28,83
11:05:33,76
11:05:38,74
11:05:43,72
11:05:53,71
11:05:58,76
11:06:03,77
11:06:08,78
11:06:13,77
11:06:18,76
11:06:28,75
11:06:38,76
11:06:43,77
11:06:58,77
11:07:03,76
11:07:08,75
11:07:13,74
11:07:23,74
11:07:33,73
11:07:38,73
11:07:53,73
11:08:08,73
11:08:23,73
11:08:38,73
11:08:39,73
11:08:54,73
11:09:09,73
11:09:24,73
11:09:39,73
11:09:49,74
11:09:54,75
11:10:09,75
11:10:24,75
11:10:34,76
11:10:39,78
11:10:44,79
11:10:49,82
11:10:54,83
11:10:59,82
11:11:04,83
11:11:14,84
11:11:19,83
11:11:24,82
11:11:34,81
11:11:44,79
11:11:49,79
11:11:54,78
11:12:04,78
11:12:19,78
11:12:34,78
11:12:49,76
11:12:52,76
11:12:57,71
11:13:02,71
11:13:07,70
11:13:22,70
11:13:27,71
11:13:32,72
11:13:37,74
11:13:42,78
11:13:47,78
11:13:57,77
11:14:02,79
11:14:17,78
11:14:22,76
11:14:27,75
11:14:32,73
11:14:37,72
11:14:42,71
11:14:57,71
11:15:07,72
11:15:22,76
11:15:37,76
11:15:47,75
11:16:02,75
11:16:17,75
11:16:32,75
11:16:47,75
11:16:49,75
11:16:59,83
11:17:04,84
11:17:09,83
11:17:14,82
11:17:19,81
11:17:34,81
11:17:39,81
11:17:49,81
11:17:54,80
11:17:59,79
11:18:09,78
11:18:14,75
11:18:19,77
11:18:24,81
11:18:39,80
11:18:44,79
11:18:54,77
11:18:59,78
11:19:04,84
11:19:14,83
11:19:24,81
11:19:29,81
11:19:44,81
11:19:54,80
11:19:59,81
11:20:06,82
11:20:21,83
11:20:26,81
11:20:31,82
11:20:36,81
11:20:51,81
11:21:06,82
11:21:11,78
11:21:26,78
11:21:36,79
11:21:41,81
11:21:46,80
11:21:51,81
11:21:56,80
11:22:11,79
11:22:26,78
11:22:41,81
11:22:46,102
11:22:51,100
11:22:56,97
11:23:01,93
11:23:06,93
11:23:21,76
11:23:22,76
11:23:37,76
11:23:42,75
11:23:47,74
11:23:52,73
11:23:57,71
11:24:02,63
11:24:17,63
11:24:32,63
11:24:37,62
11:24:42,70
11:24:47,71
11:24:52,75
11:24:57,77
11:25:02,77
11:25:07,75
11:25:12,73
11:25:27,73
11:25:32,73
11:25:47,73
11:26:02,73
11:26:07,74
11:26:22,75
11:26:37,74
11:26:47,75
11:26:52,74
11:27:00,74
11:27:05,72
11:27:10,71
11:27:20,72
11:27:25,73
11:27:30,72
11:27:40,73
11:27:55,73
11:28:00,71
11:28:15,73
11:28:25,79
11:28:30,78
11:28:35,81
11:28:40,78
11:28:50,77
11:29:00,77
11:29:05,77
11:29:10,76
11:29:25,75
11:29:30,73
11:29:40,73
11:29:55,73
11:30:10,73
11:30:25,73
11:30:40,73
11:30:55,73
11:31:10,73
11:31:12,73
11:31:27,73
11:31:42,73
11:31:57,73
11:32:12,73
11:32:27,73
11:32:42,73
11:32:57,73
11:33:12,73
11:33:27,73
11:33:42,74
11:33:57,74
11:34:07,75
11:34:12,76
11:34:17,78
11:34:22,80
11:34:27,81
11:34:32,82
11:34:37,84
11:34:42,85
11:34:47,86
11:34:52,88
11:34:57,89
11:35:02,90
11:35:07,92
11:35:12,89
11:35:17,90
11:35:25,91
11:35:40,91
11:35:45,90
11:36:00,90
11:36:15,90
11:36:20,89
11:36:25,90
11:36:30,90
11:36:35,86
11:36:40,85
11:36:45,84
11:37:00,85
11:37:05,88
11:37:10,92
11:37:15,97
11:37:25,98
11:37:35,98
11:37:40,98
11:37:45,99
11:37:50,101
11:37:55,102
11:38:10,102
11:38:15,103
11:38:20,106
11:38:25,107
11:38:30,109
11:38:45,108
11:38:47,108
11:39:02,107
11:39:07,108
11:39:12,110
11:39:22,110
11:39:27,110
11:39:37,107
11:39:47,109
11:39:52,114
11:39:57,117
11:40:02,109
11:40:07,107
11:40:12,109
11:40:17,111
11:40:22,112
11:40:27,113
11:40:32,117
11:40:47,121
11:40:52,127
11:40:57,130
11:41:02,128
11:41:07,127
11:41:12,126
11:41:17,131
11:41:22,136
11:41:27,138
11:41:32,140
11:41:38,134
11:41:43,131
11:41:48,132
11:42:03,131
11:42:08,130
11:42:13,124
11:42:18,120
11:42:28,117
11:42:43,115
11:42:48,114
11:42:53,74
11:43:03,79
11:43:08,77
11:43:13,77
11:43:23,76
11:43:28,74
11:43:43,73
11:43:58,73
11:44:13,73
11:44:28,73
11:44:43,73
11:44:48,73
11:44:53,78
11:45:00,79
11:45:05,78
11:45:15,78
11:45:20,78
11:45:25,78
11:45:30,77
11:45:40,80
11:45:45,78
11:45:55,79
11:46:00,78
11:46:15,77
11:46:20,76
11:46:30,75
11:46:35,74
11:46:40,71
11:46:55,73
11:47:00,76
11:47:15,76
11:47:30,75
11:47:45,76
11:47:50,77
11:47:55,102
11:48:00,112
11:48:07,112
11:48:17,113
11:48:22,109
11:48:27,103
11:48:32,100
11:48:37,95
11:48:42,93
11:48:47,91
11:49:02,90
11:49:07,88
11:49:17,85
11:49:22,83
11:49:32,80
11:49:47,80
11:49:57,81
11:50:02,82
11:50:07,84
11:50:12,82
11:50:17,85
11:50:22,86
11:50:32,87
11:50:37,88
11:50:42,90
11:50:47,89
11:50:52,85
11:50:57,84
11:51:03,95
11:51:08,96
11:51:13,94
11:51:18,91
11:51:23,90
11:51:33,105
11:51:38,106
11:51:43,103
11:51:48,84
11:51:53,80
11:51:58,79
11:52:08,78
11:52:13,79
11:52:23,78
11:52:28,76
11:52:33,77
11:52:38,78
11:52:53,78
11:53:03,77
11:53:13,80
11:53:18,82
11:53:23,80
11:53:28,79
11:53:34,79
11:53:39,75
11:53:44,72
11:53:49,70
11:53:54,71
11:53:59,75
11:54:04,76
11:54:09,77
11:54:14,76
11:54:29,76
11:54:34,75
11:54:44,73
11:54:49,72
11:55:04,72
11:55:09,73
11:55:24,73
11:55:39,73
11:55:44,73
11:55:49,70
11:55:54,71
11:55:59,72
11:56:04,71
11:56:09,70
11:56:19,71
11:56:24,70
11:56:29,69
11:56:34,68
11:56:41,69
11:56:46,70
11:56:51,68
11:57:01,69
11:57:06,70
11:57:16,71
11:57:21,72
11:57:31,73
11:57:36,74
11:57:51,75
11:57:56,88
11:58:01,90
11:58:16,90
11:58:21,88
11:58:36,84
11:58:41,79
11:58:46,77
11:58:51,77
11:59:06,77
11:59:11,76
11:59:26,76
11:59:31,76
11:59:36,75
11:59:41,75
11:59:46,74
12:00:01,74
12:00:02,74
12:00:12,75
12:00:27,77
12:00:32,80
12:00:37,85
12:00:42,88
12:00:47,90
12:00:52,92
12:00:57,93
12:01:02,94
12:01:07,92
12:01:12,90
12:01:17,91
12:01:32,91
12:01:47,85
12:01:52,84
12:02:07,82
12:02:22,82
12:02:27,80
12:02:32,80
12:02:42,78
12:02:47,77
12:03:02,77
12:03:07,75
12:03:12,75
12:03:17,77
12:03:22,78
12:03:29,79
12:03:39,78
12:03:54,79
12:03:59,82
12:04:04,85
12:04:09,88
12:04:14,92
12:04:19,94
12:04:24,93
12:04:29,93
12:04:34,94
12:04:39,95
12:04:44,93
12:04:54,94
12:04:59,98
12:05:04,95
12:05:09,94
12:05:14,95
12:05:19,93
12:05:24,91
12:05:34,88
12:05:39,87
12:05:44,86
12:05:59,86
12:06:04,85
12:06:19,85
12:06:34,88
12:06:37,88
12:06:42,89
12:06:52,92
12:06:57,93
12:07:12,93
12:07:27,93
12:07:32,95
12:07:37,93
12:07:42,92
12:07:47,93
12:07:52,91
12:08:07,91
12:08:22,91
12:08:27,90
12:08:42,89
12:08:52,87
12:08:57,85
12:09:12,85
12:09:17,84
12:09:22,82
12:09:27,83
12:09:32,80
12:09:42,81
12:09:47,82
12:09:52,85
12:09:57,89
12:10:02,87
12:10:08,86
12:10:13,84
12:10:28,84
12:10:43,87
12:10:48,88
12:10:53,89
12:10:58,92
12:11:03,94
12:11:13,93
12:11:18,95
12:11:23,97
12:11:38,96
12:11:43,95
12:11:48,94
12:11:53,93
12:12:08,93
12:12:23,93
12:12:28,92
12:12:33,91
12:12:38,93
12:12:43,95
12:12:48,97
12:12:53,98
12:12:58,92
12:13:03,90
12:13:18,89
12:13:23,90
12:13:30,92
12:13:35,93
12:13:50,93
12:13:55,92
12:14:10,92
12:14:20,91
12:14:35,91
12:14:40,91
12:14:45,90
12:14:50,93
12:14:55,97
12:15:10,97
12:15:20,96
12:15:30,95
12:15:35,96
12:15:40,97
12:15:45,99
12:15:50,95
12:15:55,90
12:16:00,91
12:16:10,90
12:16:25,90
12:16:40,90
12:16:55,90
12:17:00,92
12:17:05,91
12:17:15,91
12:17:22,91
12:17:27,90
12:17:42,90
12:17:57,90
12:18:02,89
12:18:07,89
12:18:12,89
12:18:17,90
12:18:22,92
12:18:27,96
12:18:32,95
12:18:47,95
12:18:52,96
12:19:07,96
12:19:17,95
12:19:22,94
12:19:32,93
12:19:37,94
12:19:52,94
12:19:57,92
12:20:12,92
12:20:17,92
12:20:32,92
12:20:47,92
12:20:52,91
12:21:02,90
12:21:07,89
12:21:14,89
12:21:29,89
12:21:39,86
12:21:54,84
12:22:04,83
12:22:09,84
12:22:14,84
12:22:19,84
12:22:34,84
12:22:49,84
12:23:04,83
12:23:09,82
12:23:19,83
12:23:24,83
12:23:34,86
12:23:39,87
12:23:49,75
12:23:54,74
12:23:59,73
12:24:04,72
12:24:14,71
12:24:19,70
12:24:24,70
12:24:39,70
12:24:44,71
12:24:49,72
12:24:56,75
12:25:01,76
12:25:11,75
12:25:26,75
12:25:31,75
12:25:36,74
12:25:41,72
12:25:46,71
12:26:01,70
12:26:16,69
12:26:21,68
12:26:26,69
12:26:31,70
12:26:41,72
12:26:46,74
12:26:51,73
12:26:56,72
12:27:01,71
12:27:06,72
12:27:16,72
12:27:21,73
12:27:26,75
12:27:31,73
12:27:41,75
12:27:46,78
12:27:51,79
12:27:56,77
12:28:03,77
12:28:08,79
12:28:18,80
12:28:23,79
12:28:28,78
12:28:43,77
12:28:48,79
12:28:53,80
12:28:58,80
12:29:08,79
12:29:23,79
12:29:38,79
12:29:43,79
12:29:53,78
12:29:58,77
12:30:03,77
12:30:18,75
12:30:33,74
12:30:38,73
12:30:43,73
12:30:58,73
12:31:13,73
12:31:28,73
12:31:33,71
12:31:38,72
12:31:43,72
12:31:58,71
12:32:00,71
12:32:05,70
12:32:10,70
12:32:15,71
12:32:30,71
12:32:35,71
12:32:50,71
12:32:55,74
12:33:00,76
12:33:15,76
12:33:25,75
12:33:30,74
12:33:45,74
12:33:50,73
12:33:55,71
12:34:00,72
12:34:15,72
12:34:30,72
12:34:45,72
12:35:00,72
12:35:15,72
12:35:30,72
12:35:45,73
12:35:55,72
12:36:05,70
12:36:20,70
12:36:30,70
12:36:37,68
12:36:42,67
12:36:47,66
12:36:52,64
12:37:07,64
12:37:17,66
12:37:22,67
12:37:27,68
12:37:32,69
12:37:37,70
12:37:47,69
12:37:52,68
12:38:02,67
12:38:17,72
12:38:32,72
12:38:42,70
12:38:47,69
12:39:02,69
12:39:07,68
12:39:12,68
12:39:27,69
12:39:37,68
12:39:42,72
12:39:47,73
12:39:52,74
12:39:57,76
12:40:12,77
12:40:14,77
12:40:19,76
12:40:29,75
12:40:34,75
12:40:49,75
12:41:04,75
12:41:19,75
12:41:34,71
12:41:39,71
12:41:44,71
12:41:49,71
12:42:04,71
12:42:19,71
12:42:34,71
12:42:49,70
12:42:54,69
12:42:59,68
12:43:09,67
12:43:24,67
12:43:39,67
12:43:54,69
12:43:59,71
12:44:09,71
12:44:14,71
12:44:29,71
12:44:44,71
12:44:54,71
12:45:02,71
12:45:17,71
12:45:32,71
12:45:37,71
12:45:42,70
12:45:47,70
12:46:02,70
12:46:17,70
12:46:22,72
12:46:27,74
12:46:42,74
12:46:47,72
12:46:52,72
12:47:07,72
12:47:17,73
12:47:22,74
12:47:32,74
12:47:37,75
12:47:47,77
12:47:57,76
12:48:02,76
12:48:17,76
12:48:32,76
12:48:37,75
12:48:42,74
12:48:47,72
12:48:52,72
12:48:59,72
12:49:09,71
12:49:14,71
12:49:29,71
12:49:44,71
12:49:49,72
12:50:04,72
12:50:19,72
12:50:29,73
12:50:34,74
12:50:39,75
12:50:49,73
12:50:54,72
12:50:59,72
12:51:04,73
12:51:09,74
12:51:24,74
12:51:39,75
12:51:54,77
12:51:59,77
12:52:04,76
12:52:19,76
12:52:24,75
12:52:34,76
12:52:44,82
12:52:49,82
12:52:54,81
12:53:01,81
12:53:11,84
12:53:16,86
12:53:26,85
12:53:36,83
12:53:46,81
12:53:51,79
12:54:01,79
12:54:11,79
12:54:16,83
12:54:21,85
12:54:26,83
12:54:31,80
12:54:36,79
12:54:51,80
12:54:56,80
12:55:01,80
12:55:06,79
12:55:11,78
12:55:26,76
12:55:31,75
12:55:46,75
12:56:01,75
12:56:11,76
12:56:16,78
12:56:21,80
12:56:26,79
12:56:33,79
12:56:48,78
12:56:53,79
12:57:08,78
12:57:13,76
12:57:18,75
12:57:33,75
12:57:48,75
12:57:53,75
12:58:03,75
12:58:18,75
12:58:33,75
12:58:38,74
12:58:53,74
12:59:08,74
12:59:13,75
12:59:28,77
12:59:43,77
12:59:48,76
13:00:03,76
13:00:13,75
13:00:18,80
13:00:23,81
13:00:28,80
13:00:33,79
13:00:38,78
13:00:43,78
13:00:51,77
13:01:06,77
13:01:21,77
13:01:36,77
13:01:41,76
13:01:56,76
13:02:11,76
13:02:16,77
13:02:26,77
13:02:31,76
13:02:36,77
13:02:51,77
13:03:06,76
13:03:16,75
13:03:21,74
13:03:26,75
13:03:31,76
13:03:41,77
13:03:56,77
13:04:11,77
13:04:16,75
13:04:21,76
13:04:36,75
13:04:51,75
13:05:06,74
13:05:16,76
13:05:21,79
13:05:28,79
13:05:38,70
13:05:43,70
13:05:53,69
13:06:03,68
13:06:13,68
13:06:18,68
13:06:23,75
13:06:28,76
13:06:38,76
13:06:48,77
13:06:58,78
13:07:08,77
13:07:23,77
13:07:38,79
13:07:43,80
13:07:48,83
13:07:53,85
13:07:58,88
13:08:03,90
13:08:08,93
13:08:13,98
13:08:18,100
13:08:28,101
13:08:33,100
13:08:38,98
13:08:45,96
13:08:50,97
13:08:55,98
13:09:00,99
13:09:05,102
13:09:10,103
13:09:15,105
13:09:20,104
13:09:30,103
13:09:40,104
13:09:45,106
13:09:55,102
13:10:00,100
13:10:05,97
13:10:10,98
13:10:15,97
13:10:20,100
13:10:25,95
13:10:30,92
13:10:40,90
13:10:45,89
13:10:50,90
13:11:05,92
13:11:10,93
13:11:15,94
13:11:20,95
13:11:25,95
13:11:31,94
13:11:36,93
13:11:46,92
13:11:51,91
13:11:56,90
13:12:11,90
13:12:26,89
13:12:31,88
13:12:46,86
13:12:51,85
13:12:56,85
13:13:01,84
13:13:16,83
13:13:21,82
13:13:36,82
13:13:41,83
13:13:51,85
13:13:56,87
13:14:01,88
13:14:11,86
13:14:21,87
13:14:31,87
13:14:46,86
13:14:51,85
13:14:56,83
13:15:01,83
13:15:16,82
13:15:18,82
13:15:23,81
13:15:28,81
13:15:43,81
13:15:48,80
13:15:58,81
13:16:08,81
13:16:18,79
13:16:23,77
13:16:33,78
13:16:38,76
13:16:43,75
13:16:48,75
13:17:03,76
13:17:08,78
13:17:13,79
13:17:18,80
13:17:23,81
13:17:28,80
13:17:38,81
13:17:53,80
13:18:08,81
13:18:13,82
13:18:18,83
13:18:23,87
13:18:33,87
13:18:43,86
13:18:50,84
13:18:55,66
13:19:00,64
13:19:05,62
13:19:10,61
13:19:15,59
13:19:20,57
13:19:30,58
13:19:45,59
13:19:55,59
13:20:00,59
13:20:05,60
13:20:20,60
13:20:25,60
13:20:30,62
13:20:45,63
13:21:00,66
13:21:05,69
13:21:15,71
13:21:20,70
13:21:35,70
13:21:50,70
13:22:05,70
13:22:20,70
13:22:35,70
13:22:38,70
13:22:43,72
13:22:48,74
13:22:53,77
13:22:58,79
13:23:08,80
13:23:13,80
13:23:18,81
13:23:33,82
13:23:38,81
13:23:43,83
13:23:53,82
13:23:58,83
13:24:03,86
13:24:08,87
13:24:13,86
13:24:23,87
13:24:33,88
13:24:38,89
13:24:43,89
13:24:48,92
13:24:53,97
13:24:58,99
13:25:03,100
13:25:08,98
13:25:13,100
13:25:18,101
13:25:24,102
13:25:29,104
13:25:34,105
13:25:49,104
13:25:54,101
13:25:59,86
13:26:04,82
13:26:09,81
13:26:14,77
13:26:19,76
13:26:29,74
13:26:34,76
13:26:44,76
13:26:54,75
13:27:04,76
13:27:09,77
13:27:14,78
13:27:19,81
13:27:34,82
13:27:39,81
13:27:44,78
13:27:49,76
13:27:54,77
13:27:59,79
13:28:04,78
13:28:09,79
13:28:16,83
13:28:21,85
13:28:26,88
13:28:31,90
13:28:36,92
13:28:41,95
13:28:46,97
13:28:51,100
13:28:56,101
13:29:06,100
13:29:11,99
13:29:26,97
13:29:31,92
13:29:36,93
13:29:41,94
13:29:46,93
13:29:51,92
13:29:56,91
13:30:11,91
13:30:21,90
13:30:31,89
13:30:41,88
13:30:56,88
13:31:01,86
13:31:06,85
13:31:11,84
13:31:26,84
13:31:27,84
13:31:37,83
13:31:52,83
13:31:57,84
13:32:02,86
13:32:07,89
13:32:12,90
13:32:17,89
13:32:22,89
13:32:27,88
13:32:42,87
13:32:57,86
13:33:12,86
13:33:27,86
13:33:32,85
13:33:37,84
13:33:52,86
13:33:57,90
13:34:07,89
13:34:22,87
13:34:27,85
13:34:42,85
13:34:52,84
13:34:57,85
13:35:12,84
13:35:17,84
13:35:27,84
13:35:35,83
13:35:50,83
13:36:05,83
13:36:20,83
13:36:30,84
13:36:35,84
13:36:40,84
13:36:50,83
13:37:05,83
13:37:10,83
13:37:25,83
13:37:40,83
13:37:55,82
13:38:00,79
13:38:10,81
13:38:15,84
13:38:25,85
13:38:30,86
13:38:35,88
13:38:50,89
13:38:55,91
13:39:10,91
13:39:15,92
13:39:30,92
13:39:40,92
13:39:50,92
13:39:55,91
13:40:02,91
13:40:12,88
13:40:17,88
13:40:22,86
13:40:27,85
13:40:42,84
13:40:47,82
13:40:52,81
13:40:57,80
13:41:07,82
13:41:12,84
13:41:17,87
13:41:32,87
13:41:37,87
13:41:47,87
13:41:57,86
13:42:12,86
13:42:22,85
13:42:32,84
13:42:47,84
13:43:02,84
13:43:12,85
13:43:17,89
13:43:32,88
13:43:42,87
13:43:57,87
13:44:12,87
13:44:15,87
13:44:20,85
13:44:25,84
13:44:35,83
13:44:50,83
13:45:00,83
13:45:15,83
13:45:25,83
13:45:30,84
13:45:45,84
13:46:00,84
13:46:05,84
13:46:10,84
13:46:25,84
13:46:35,85
13:46:40,86
13:46:45,85
13:46:55,86
13:47:00,86
13:47:15,86
13:47:30,86
13:47:45,86
13:48:00,86
13:48:15,71
13:48:25,72
13:48:30,71
13:48:37,71
13:48:52,71
13:49:02,69
13:49:17,69
13:49:32,70
13:49:47,70
13:50:02,70
13:50:12,69
13:50:27,69
13:50:42,69
13:50:57,69
13:51:02,69
13:51:17,69
13:51:32,69
13:51:37,70
13:51:42,78
13:51:47,84
13:52:02,82
13:52:12,82
13:52:27,82
13:52:37,83
13:52:52,83
13:53:07,83
13:53:17,82
13:53:32,81
13:53:42,83
13:53:50,85
13:53:55,85
13:54:00,85
13:54:15,85
13:54:25,85
13:54:30,84
13:54:35,83
13:54:50,83
13:54:55,84
13:55:10,84
13:55:15,83
13:55:20,85
13:55:25,84
13:55:30,83
13:55:45,83
13:56:00,82
13:56:15,81
13:56:20,78
13:56:25,76
13:56:30,77
13:56:35,77
13:56:50,77
13:56:55,75
13:57:05,74
13:57:15,75
13:57:20,77
13:57:35,77
13:57:37,77
13:57:52,77
13:58:02,77
13:58:07,80
13:58:12,93
13:58:22,92
13:58:27,91
13:58:32,93
13:58:47,91
13:58:52,90
13:58:57,90
13:59:02,89
13:59:12,87
13:59:27,87
13:59:32,86
13:59:47,86
13:59:52,84
14:00:07,84
14:00:17,84
14:00:27,84
14:00:32,85
14:00:47,85
14:01:02,85
14:01:12,84
14:01:27,84
14:01:32,84
14:01:39,83
14:01:54,83
14:01:59,90
14:02:14,89
14:02:24,87
14:02:29,86
14:02:44,86
14:02:59,86
14:03:14,86
14:03:19,80
14:03:24,77
14:03:34,76
14:03:44,75
14:03:54,88
14:04:04,87
14:04:19,87
14:04:34,87
14:04:39,86
14:04:49,80
14:04:54,78
14:05:04,77
14:05:14,78
14:05:19,81
14:05:24,81
14:05:39,81
14:05:49,82
14:05:56,82
14:06:01,80
14:06:06,79
14:06:16,77
14:06:31,77
14:06:41,78
14:06:51,77
14:07:06,77
14:07:21,77
14:07:36,77
14:07:51,77
14:08:06,77
14:08:21,77
14:08:26,76
14:08:31,80
14:08:36,80
14:08:46,79
14:09:01,78
14:09:06,85
14:09:11,80
14:09:16,79
14:09:21,77
14:09:26,79
14:09:31,79
14:09:36,80
14:09:46,81
14:09:51,82
14:09:58,84
14:10:13,78
14:10:18,81
14:10:23,81
14:10:38,80
14:10:53,73
14:11:08,73
14:11:13,74
14:11:18,78
14:11:23,77
14:11:28,75
14:11:33,75
14:11:38,76
14:11:53,77
14:12:03,76
14:12:08,75
14:12:18,76
14:12:23,77
14:12:28,77
14:12:33,76
14:12:38,76
14:12:43,78
14:12:48,78
14:12:53,77
14:13:03,80
14:13:08,79
14:13:13,77
14:13:20,76
14:13:25,77
14:13:30,76
14:13:35,73
14:13:40,72
14:13:50,71
14:13:55,72
14:14:05,73
14:14:10,72
14:14:15,73
14:14:30,70
14:14:40,69
14:14:50,70
14:14:55,74
14:15:00,74
14:15:10,73
14:15:15,71
14:15:30,71
14:15:35,71
14:15:50,71
14:16:05,71
14:16:20,71
14:16:35,72
14:16:40,73
14:16:45,75
14:17:00,75
14:17:10,75
14:17:17,76
14:17:27,69
14:17:32,67
14:17:42,69
14:17:47,69
14:18:02,69
14:18:17,69
14:18:22,70
14:18:27,73
14:18:32,73
14:18:42,71
14:18:52,72
14:19:02,72
14:19:17,72
14:19:32,72
14:19:42,73
14:19:57,74
14:20:02,75
14:20:07,74
14:20:22,75
14:20:27,80
14:20:32,82
14:20:37,82
14:20:47,81
14:20:52,80
14:21:07,78
14:21:12,75
14:21:20,75
14:21:25,76
14:21:30,78
14:21:45,78
14:21:55,78
14:22:05,77
14:22:15,76
14:22:20,76
14:22:25,74
14:22:40,74
14:22:45,74
14:22:50,76
14:22:55,75
14:23:00,75
14:23:05,74
14:23:20,74
14:23:35,74
14:23:40,75
14:23:45,76
14:23:50,77
14:24:00,78
14:24:05,77
14:24:15,77
14:24:30,86
14:24:35,87
14:24:40,88
14:24:46,90
14:24:51,96
14:24:56,95
14:25:01,94
14:25:16,95
14:25:26,94
14:25:36,94
14:25:41,93
14:25:46,92
14:26:01,91
14:26:16,93
14:26:26,92
14:26:41,91
14:26:46,90
14:27:01,90
14:27:11,89
14:27:16,90
14:27:26,92
14:27:31,94
14:27:36,96
14:27:41,95
14:27:46,96
14:27:51,97
14:27:56,99
14:28:01,102
14:28:06,103
14:28:11,104
14:28:18,106
14:28:23,108
14:28:28,110
14:28:33,111
14:28:38,110
14:28:43,109
14:28:48,110
14:28:53,107
14:29:03,104
14:29:08,102
14:29:13,99
14:29:23,100
14:29:28,102
14:29:33,104
14:29:38,105
14:29:43,108
14:29:53,109
14:30:03,103
14:30:08,108
14:30:13,111
14:30:18,112
14:30:33,116
14:30:38,114
14:30:43,116
14:30:48,117
14:30:53,109
14:31:03,110
14:31:09,113
14:31:14,117
14:31:19,118
14:31:24,121
14:31:29,122
14:31:44,121
14:31:49,118
14:32:04,118
14:32:19,118
14:32:24,117
14:32:34,117
14:32:39,116
14:32:44,116
14:32:49,115
14:32:59,114
14:33:04,111
14:33:09,109
14:33:14,108
14:33:19,106
14:33:24,105
14:33:29,106
14:33:39,105
14:33:44,105
14:33:54,106
14:34:04,105
14:34:14,106
14:34:29,105
14:34:31,105
14:34:46,101
14:34:51,100
14:35:06,100
14:35:21,96
14:35:36,96
14:35:41,97
14:35:46,96
14:35:51,96
14:36:01,97
14:36:11,98
14:36:21,99
14:36:31,98
14:36:41,96
14:36:46,95
14:37:01,95
14:37:06,94
14:37:11,92
14:37:16,91
14:37:21,92
14:37:26,93
14:37:36,94
14:37:41,93
14:37:56,92
14:38:11,90
14:38:26,91
14:38:36,90
14:38:44,91
14:38:49,89
14:38:54,86
14:38:59,83
14:39:04,79
14:39:09,76
14:39:14,74
14:39:19,75
14:39:34,75
14:39:39,68
14:39:44,67
14:39:49,68
14:39:59,70
14:40:04,71
14:40:09,75
14:40:14,78
14:40:19,81
14:40:24,83
14:40:34,84
14:40:44,83
14:40:49,85
14:40:54,83
14:40:59,82
14:41:04,84
14:41:09,87
14:41:14,88
14:41:24,89
14:41:30,88
14:41:35,88
14:41:40,90
14:41:45,93
14:41:50,91
14:42:00,92
14:42:05,92
14:42:10,91
14:42:15,92
14:42:20,91
14:42:25,92
14:42:35,91
14:42:40,91
14:42:45,92
14:42:55,93
14:43:00,94
14:43:15,94
14:43:20,95
14:43:35,95
14:43:40,93
14:43:45,92
14:43:50,90
14:43:55,91
14:44:00,91
14:44:05,90
14:44:15,89
14:44:20,87
14:44:27,87
14:44:32,86
14:44:37,85
14:44:52,85
14:45:02,84
14:45:17,84
14:45:27,83
14:45:42,83
14:45:57,85
14:46:02,87
14:46:07,90
14:46:12,92
14:46:17,93
14:46:22,95
14:46:27,96
14:46:32,95
14:46:37,95
14:46:42,96
14:46:52,98
14:46:57,99
14:47:02,100
14:47:07,101
14:47:17,102
14:47:22,107
14:47:27,113
14:47:32,114
14:47:37,116
14:47:44,120
14:47:49,125
14:47:54,132
14:47:59,134
14:48:04,132
14:48:09,130
14:48:14,128
14:48:24,129
14:48:29,128
14:48:39,133
14:48:44,136
14:48:49,137
14:48:59,136
14:49:04,134
14:49:09,133
14:49:14,132
14:49:19,131
14:49:24,134
14:49:29,135
14:49:34,134
14:49:44,132
14:49:49,131
14:49:54,129
14:50:04,129
14:50:09,131
14:50:14,128
14:50:19,126
14:50:25,125
14:50:30,120
14:50:35,119
14:50:40,118
14:50:45,117
14:50:55,120
14:51:05,116
14:51:10,112
14:51:15,107
14:51:30,107
14:51:35,104
14:51:40,102
14:51:45,100
14:51:50,97
14:51:55,96
14:52:05,94
14:52:10,90
14:52:15,89
14:52:20,86
14:52:25,82
14:52:30,64
14:52:35,62
14:52:47,84
14:52:57,83
14:53:12,83
14:53:22,84
14:53:27,93
14:53:32,93
14:53:42,92
14:53:47,90
14:53:52,91
14:53:57,88
14:54:02,87
14:54:12,95
14:54:17,95
14:54:22,96
14:54:27,97
14:54:32,95
14:54:37,94
14:54:42,92
14:54:52,92
14:55:02,91
14:55:07,89
14:55:17,88
14:55:22,92
14:55:32,93
14:55:37,92
14:55:43,92
14:55:48,94
14:55:53,95
14:56:08,94
14:56:13,93
14:56:18,95
14:56:28,97
14:56:38,97
14:56:43,101
14:56:48,101
14:57:03,96
14:57:08,95
14:57:18,92
14:57:28,93
14:57:33,92
14:57:38,93
14:57:43,93
14:57:53,92
14:57:58,95
14:58:03,97
14:58:08,95
14:58:13,94
14:58:18,100
14:58:28,99
14:58:33,98
14:58:38,96
14:58:43,94
14:58:50,93
14:59:00,89
14:59:05,87
14:59:10,83
14:59:15,82
14:59:20,84
14:59:25,83
14:59:35,84
14:59:40,86
14:59:45,88
14:59:50,97
15:00:00,95
15:00:05,93
15:00:10,90
15:00:15,89
15:00:25,68
15:00:30,83
15:00:35,85
15:00:50,85
15:01:05,84
15:01:10,85
15:01:25,85
15:01:26,85
15:01:31,86
15:01:41,83
15:01:46,84
15:01:51,87
15:02:06,87
15:02:11,85
15:02:16,85
15:02:21,86
15:02:31,91
15:02:36,88
15:02:41,88
15:02:56,88
15:03:06,87
15:03:11,91
15:03:16,94
15:03:21,91
15:03:26,90
15:03:31,91
15:03:36,94
15:03:41,97
15:03:46,97
15:03:51,98
15:03:56,99
15:04:01,98
15:04:06,97
15:04:21,96
15:04:22,96
15:04:37,96
15:04:42,95
15:04:52,88
15:04:57,91
15:05:02,92
15:05:07,96
15:05:12,96
15:05:22,94
15:05:27,93
15:05:32,94
15:05:37,94
15:05:52,94
15:06:07,97
15:06:12,96
15:06:17,95
15:06:32,95
15:06:37,95
15:06:52,95
15:06:57,94
15:07:02,95
15:07:17,96
15:07:32,95
15:07:42,95
15:07:52,95
15:07:57,95
15:08:02,96
15:08:10,96
15:08:15,97
15:08:30,97
15:08:45,97
15:08:55,96
15:09:00,88
15:09:05,83
15:09:10,84
15:09:15,85
15:09:30,85
15:09:35,84
15:09:45,84
15:10:00,83
15:10:15,83
15:10:30,83
15:10:45,82
15:10:50,81
15:11:05,81
15:11:20,81
15:11:25,80
15:11:35,79
15:11:45,78
15:11:55,78
15:12:00,76
15:12:05,79
15:12:15,77
15:12:20,77
15:12:27,78
15:12:37,77
15:12:42,76
15:12:52,78
15:12:57,82
15:13:02,85
15:13:07,88
15:13:12,88
15:13:17,84
15:13:22,83
15:13:32,81
15:13:42,80
15:13:47,78
15:13:52,79
15:13:57,82
15:14:02,83
15:14:07,82
15:14:12,81
15:14:17,80
15:14:22,85
15:14:27,87
15:14:37,90
15:14:42,90
15:14:52,89
15:14:57,88
15:15:02,87
15:15:12,87
15:15:19,87
15:15:29,85
15:15:34,84
15:15:39,83
15:15:44,82
15:15:49,86
15:16:04,86
15:16:09,85
15:16:14,84
15:16:19,85
15:16:34,85
15:16:39,86
15:16:54,86
15:17:04,85
15:17:09,86
15:17:19,87
15:17:24,88
15:17:34,87
15:17:39,90
15:17:44,89
15:17:54,90
15:17:59,89
15:18:04,88
15:18:14,90
15:18:19,89
15:18:34,88
15:18:39,87
15:18:45,87
15:18:50,89
15:18:55,93
15:19:10,93
15:19:15,91
15:19:20,89
15:19:25,88
15:19:30,87
15:19:40,86
15:19:45,84
15:19:50,83
15:19:55,86
15:20:00,91
15:20:05,90
15:20:20,91
15:20:25,92
15:20:30,92
15:20:40,91
15:20:45,90
15:20:50,89
15:20:55,88
15:21:05,88
15:21:20,88
15:21:30,70
15:21:35,63
15:21:42,63
15:21:57,64
15:22:02,64
15:22:07,65
15:22:12,66
15:22:27,67
15:22:32,81
15:22:37,84
15:22:52,84
15:22:57,83
15:23:02,82
15:23:07,82
15:23:22,82
15:23:37,82
15:23:52,82
15:24:02,83
15:24:17,83
15:24:32,83
15:24:47,83
15:24:52,82
15:25:02,81
15:25:07,84
15:25:17,85
15:25:22,84
15:25:27,82
15:25:32,81
15:25:39,82
15:25:54,81
15:26:09,82
15:26:24,82
15:26:29,83
15:26:44,91
15:26:49,90
15:26:54,89
15:27:04,88
15:27:09,86
15:27:14,85
15:27:19,85
15:27:29,86
15:27:34,87
15:27:39,85
15:27:44,85
15:27:59,92
15:28:04,91
15:28:09,88
15:28:14,88
15:28:24,87
15:28:34,86
15:28:39,86
15:28:44,87
15:28:49,88
15:28:54,90
15:29:01,89
15:29:06,87
15:29:11,89
15:29:16,90
15:29:21,92
15:29:31,93
15:29:41,93
15:29:56,93
15:30:06,95
15:30:11,98
15:30:16,100
15:30:21,99
15:30:26,99
15:30:31,100
15:30:46,100
15:31:01,102
15:31:06,103
15:31:21,103
15:31:26,101
15:31:31,99
15:31:36,102
15:31:41,103
15:31:46,106
15:31:51,110
15:31:56,111
15:32:01,113
15:32:06,115
15:32:13,117
15:32:23,116
15:32:28,114
15:32:33,119
15:32:38,122
15:32:43,123
15:32:48,130
15:32:53,137
15:32:58,144
15:33:03,151
15:33:08,150
15:33:13,145
15:33:18,143
15:33:28,140
15:33:33,135
15:33:38,135
15:33:43,129
15:33:48,124
15:33:53,122
15:33:58,120
15:34:03,115
15:34:13,118
15:34:18,115
15:34:23,112
15:34:28,117
15:34:33,121
15:34:38,122
15:34:44,121
15:34:49,119
15:34:54,116
15:34:59,115
15:35:04,116
15:35:09,115
15:35:14,114
15:35:19,97
15:35:24,97
15:35:34,95
15:35:39,94
15:35:49,93
15:35:54,92
15:36:09,93
15:36:14,92
15:36:24,90
15:36:29,88
15:36:34,88
15:36:39,88
15:36:44,90
15:36:49,93
15:36:54,99
15:36:59,106
15:37:04,109
15:37:09,111
15:37:16,107
15:37:21,98
15:37:26,99
15:37:31,96
15:37:41,97
15:37:46,99
15:37:51,98
15:38:01,97
15:38:16,97
15:38:26,98
15:38:31,103
15:38:36,101
15:38:41,100
15:38:46,99
15:38:51,97
15:38:56,95
15:39:01,92
15:39:16,91
15:39:26,90
15:39:41,90
15:39:46,89
15:39:51,84
15:39:56,82
15:40:01,81
15:40:06,78
15:40:11,76
15:40:18,74
15:40:23,73
15:40:28,71
15:40:43,72
15:40:58,73
15:41:13,73
15:41:18,60
15:41:23,58
15:41:38,58
15:41:53,68
15:42:03,69
15:42:08,68
15:42:18,59
15:42:28,58
15:42:33,66
15:42:38,71
15:42:53,69
15:43:03,71
15:43:08,69
15:43:13,68
15:43:18,74
15:43:23,77
15:43:33,75
15:43:39,73
15:43:44,74
15:43:49,75
15:43:54,74
15:44:09,74
15:44:19,81
15:44:24,82
15:44:34,83
15:44:44,81
15:44:49,80
15:44:54,80
15:44:59,81
15:45:04,81
15:45:19,81
15:45:34,81
15:45:49,81
15:46:04,81
15:46:14,80
15:46:24,80
15:46:39,78
15:46:44,81
15:46:49,83
15:46:54,84
15:46:59,82
15:47:04,82
15:47:19,74
15:47:24,72
15:47:32,72
15:47:42,71
15:47:52,70
15:48:07,70
15:48:22,69
15:48:27,68
15:48:32,67
15:48:47,67
15:48:57,68
15:49:07,75
15:49:12,73
15:49:17,72
15:49:22,71
15:49:32,70
15:49:37,68
15:49:47,67
15:50:02,66
15:50:07,68
15:50:12,67
15:50:27,67
15:50:32,68
15:50:37,68
15:50:47,74
15:50:52,77
15:51:02,75
15:51:07,73
15:51:12,72
15:51:19,72
15:51:29,72
15:51:44,72
15:51:54,74
15:51:59,75
15:52:04,75
15:52:14,73
15:52:19,70
15:52:24,69
15:52:29,69
15:52:34,70
15:52:39,76
15:52:54,76
15:53:09,75
15:53:14,74
15:53:19,75
15:53:24,76
15:53:34,77
15:53:39,77
15:53:44,76
15:53:49,77
15:53:54,76
15:53:59,75
15:54:04,74
15:54:14,73
15:54:19,72
15:54:24,77
15:54:30,78
15:54:45,78
15:54:50,78
15:54:55,77
15:55:10,77
15:55:20,77
15:55:25,76
15:55:30,74
15:55:40,75
15:55:45,76
15:55:50,76
15:55:55,75
15:56:10,74
15:56:15,75
15:56:25,76
15:56:40,76
15:56:55,75
15:57:00,74
15:57:15,74
15:57:20,75
15:57:30,75
15:57:35,74
15:57:40,74
15:57:45,73
15:58:00,73
15:58:05,75
15:58:10,75
15:58:17,75
15:58:22,76
15:58:27,77
15:58:32,78
15:58:47,77
15:58:57,78
15:59:02,79
15:59:17,79
15:59:32,79
15:59:47,79
16:00:02,76
16:00:07,75
16:00:12,76
16:00:22,77
16:00:27,79
16:00:32,80
16:00:37,82
16:00:42,81
16:00:52,82
16:01:02,80
16:01:07,81
16:01:12,80
16:01:17,79
16:01:22,78
16:01:37,76
16:01:42,75
16:01:57,75
16:01:59,75
16:02:04,74
16:02:09,73
16:02:24,73
16:02:39,73
16:02:54,73
16:02:59,74
16:03:04,75
16:03:14,78
16:03:19,79
16:03:34,78
16:03:49,77
16:03:54,75
16:03:59,72
16:04:04,71
16:04:19,72
16:04:24,73
16:04:34,74
16:04:39,77
16:04:44,78
16:04:54,79
16:05:04,78
16:05:09,80
16:05:14,81
16:05:19,78
16:05:24,78
16:05:29,77
16:05:36,76
16:05:41,75
16:05:46,74
16:06:01,73
16:06:11,74
16:06:21,74
16:06:26,74
16:06:36,74
16:06:41,76
16:06:51,77
16:07:06,84
16:07:11,86
16:07:16,85
16:07:21,84
16:07:31,83
16:07:41,81
16:07:46,76
16:07:51,72
16:07:56,70
16:08:01,69
16:08:11,72
16:08:16,71
16:08:26,72
16:08:31,73
16:08:41,72
16:08:46,72
16:08:51,73
16:08:58,83
16:09:08,79
16:09:13,78
16:09:23,79
16:09:28,78
16:09:33,80
16:09:43,79
16:09:48,78
16:09:53,79
16:10:08,79
16:10:23,79
16:10:28,74
16:10:33,77
16:10:38,77
16:10:53,76
16:10:58,75
16:11:13,75
16:11:18,74
16:11:23,74
16:11:38,74
16:11:53,74
16:11:58,73
16:12:13,73
16:12:23,74
16:12:38,74
16:12:43,76
16:12:48,77
16:12:55,78
16:13:00,64
16:13:05,60
16:13:10,61
16:13:15,62
16:13:30,72
16:13:35,73
16:13:40,72
16:13:55,73
16:14:05,72
16:14:20,72
16:14:25,73
16:14:30,76
16:14:35,74
16:14:45,73
16:14:50,74
16:14:55,75
16:15:00,75
16:15:05,67
16:15:20,68
16:15:30,72
16:15:35,71
16:15:45,70
16:15:50,69
16:15:55,67
16:16:02,68
16:16:07,72
16:16:17,73
16:16:22,74
16:16:27,75
16:16:32,74
16:16:42,73
16:16:47,85
16:16:52,84
16:16:57,83
16:17:02,82
16:17:17,80
16:17:22,80
16:17:32,79
16:17:37,78
16:17:42,78
16:17:57,77
16:18:02,76
16:18:07,72
16:18:17,71
16:18:27,70
16:18:32,71
16:18:42,83
16:18:47,84
16:18:52,83
16:18:58,83
16:19:03,82
16:19:08,82
16:19:13,82
16:19:18,82
16:19:33,82
16:19:38,81
16:19:53,81
16:20:03,81
16:20:18,81
16:20:23,81
16:20:33,63
16:20:38,64
16:20:43,63
16:20:53,64
16:21:03,66
16:21:08,67
16:21:23,67
16:21:28,68
16:21:33,67
16:21:48,68
16:21:53,69
16:21:58,70
16:22:13,70
16:22:18,69
16:22:25,69
16:22:35,67
16:22:40,67
16:22:55,67
16:23:10,67
16:23:20,68
16:23:30,72
16:23:35,73
16:23:50,73
16:23:55,74
16:24:10,74
16:24:15,75
16:24:20,72
16:24:25,72
16:24:30,71
16:24:35,70
16:24:45,72
16:24:50,73
16:24:55,74
16:25:00,74
16:25:10,73
16:25:15,74
16:25:30,74
16:25:35,75
16:25:40,76
16:25:45,77
16:25:50,78
16:25:57,79
16:26:02,79
16:26:12,78
16:26:27,78
16:26:32,77
16:26:37,76
16:26:42,75
16:26:47,73
16:26:52,71
16:26:57,71
16:27:12,70
16:27:17,70
16:27:22,69
16:27:37,69
16:27:52,69
16:28:07,69
16:28:22,69
16:28:37,69
16:28:42,69
16:28:47,70
16:29:02,70
16:29:17,70
16:29:22,73
16:29:27,73
16:29:42,75
16:29:47,77
16:29:57,78
16:30:05,78
16:30:20,78
16:30:35,78
16:30:40,77
16:30:55,78
16:31:00,79
16:31:15,79
16:31:20,78
16:31:35,78
16:31:40,78
16:31:50,78
16:31:55,77
16:32:10,77
16:32:20,78
16:32:35,78
16:32:45,77
16:32:50,78
16:32:55,78
16:33:00,77
16:33:05,79
16:33:20,78
16:33:35,80
16:33:40,81
16:33:45,81
16:33:50,82
16:33:55,83
16:34:00,82
16:34:07,82
16:34:12,83
16:34:22,85
16:34:27,87
16:34:32,89
16:34:37,90
16:34:42,88
16:34:47,89
16:34:52,90
16:34:57,92
16:35:02,95
16:35:07,97
16:35:12,98
16:35:17,100
16:35:22,99
16:35:27,96
16:35:32,93
16:35:37,91
16:35:42,94
16:35:52,97
16:36:02,98
16:36:07,101
16:36:12,103
16:36:17,102
16:36:22,102
16:36:37,100
16:36:42,99
16:36:48,100
16:36:53,99
16:37:03,95
16:37:08,94
16:37:13,92
16:37:28,87
16:37:33,86
16:37:38,85
16:37:43,84
16:37:48,84
16:37:53,85
16:37:58,83
16:38:03,81
16:38:08,80
16:38:23,80
16:38:28,79
16:38:38,80
16:38:48,79
16:38:58,80
16:39:03,79
16:39:08,78
16:39:13,77
16:39:28,76
16:39:43,76
16:39:48,74
16:39:58,76
16:40:03,80
16:40:10,85
16:40:15,87
16:40:20,88
16:40:30,92
16:40:35,94
16:40:40,94
16:40:45,96
16:40:50,97
16:40:55,98
16:41:00,100
16:41:10,97
16:41:15,99
16:41:20,98
16:41:25,97
16:41:35,98
16:41:40,99
16:41:45,100
16:42:00,101
16:42:05,100
16:42:10,101
16:42:15,108
16:42:20,105
16:42:25,111
16:42:30,114
16:42:35,118
16:42:40,122
16:42:45,127
16:42:51,129
16:42:56,130
16:43:06,133
16:43:11,136
16:43:16,137
16:43:21,138
16:43:26,140
16:43:31,141
16:43:36,142
16:43:41,143
16:43:56,143
16:44:01,140
16:44:06,134
16:44:11,130
16:44:26,129
16:44:31,128
16:44:36,126
16:44:46,120
16:44:51,112
16:45:06,107
16:45:11,75
16:45:21,74
16:45:26,73
16:45:31,74
16:45:38,72
16:45:43,69
16:45:48,68
16:45:58,68
16:46:03,69
16:46:13,68
16:46:18,66
16:46:23,62
16:46:28,61
16:46:33,60
16:46:38,59
16:46:43,61
16:46:48,62
16:46:53,63
16:46:58,65
16:47:03,68
16:47:13,69
16:47:18,69
16:47:23,67
16:47:28,68
16:47:38,71
16:47:43,73
16:47:53,75
16:47:58,74
16:48:03,73
16:48:13,72
16:48:23,73
16:48:29,72
16:48:44,72
16:48:49,72
16:48:54,73
16:49:04,71
16:49:09,69
16:49:14,68
16:49:19,67
16:49:34,67
16:49:49,67
16:49:54,69
16:49:59,71
16:50:14,71
16:50:24,72
16:50:29,71
16:50:34,68
16:50:39,69
16:50:49,67
16:50:54,65
16:51:04,63
16:51:14,64
16:51:19,65
16:51:29,66
16:51:34,65
16:51:39,68
16:51:44,69
16:51:54,71
16:52:01,71
16:52:16,72
16:52:31,72
16:52:36,71
16:52:51,71
16:52:56,74
16:53:06,67
16:53:11,68
16:53:16,67
16:53:21,69
16:53:26,70
16:53:31,69
16:53:36,68
16:53:46,70
16:53:51,72
16:54:01,70
16:54:06,68
16:54:16,69
16:54:21,68
16:54:26,67
16:54:36,69
16:54:41,71
16:54:46,72
16:55:01,72
16:55:06,72
16:55:21,72
16:55:26,71
16:55:33,71
16:55:43,72
16:55:48,71
16:55:58,72
16:56:13,72
16:56:18,73
16:56:33,73
16:56:38,72
16:56:43,72
16:56:48,72
16:56:53,73
16:56:58,71
16:57:03,72
16:57:08,69
16:57:13,68
16:57:28,67
16:57:33,68
16:57:48,69
16:57:53,70
16:58:03,71
16:58:08,70
16:58:13,69
16:58:18,65
16:58:23,66
16:58:28,68
16:58:33,69
16:58:38,68
16:58:45,68
16:58:50,66
16:58:55,65
16:59:00,66
16:59:15,66
16:59:25,67
16:59:30,68
16:59:45,68
16:59:50,69
17:00:05,68
17:00:20,68
17:00:30,69
17:00:40,69
17:00:50,68
17:01:05,68
17:01:20,68
17:01:35,68
17:01:45,69
17:01:50,70
17:01:55,71
17:02:05,75
17:02:10,77
17:02:15,79
17:02:20,80
17:02:25,82
17:02:30,82
17:02:35,84
17:02:42,86
17:02:47,89
17:02:52,92
17:02:57,94
17:03:02,95
17:03:07,94
17:03:12,93
17:03:17,91
17:03:27,90
17:03:37,89
17:03:42,90
17:03:47,74
17:03:52,73
17:03:57,76
17:04:02,75
17:04:07,74
17:04:12,73
17:04:22,69
17:04:27,68
17:04:32,67
17:04:37,68
17:04:42,67
17:04:52,66
17:05:02,68
17:05:07,70
17:05:12,73
17:05:19,72
17:05:24,71
17:05:29,70
17:05:39,71
17:05:54,71
17:05:59,73
17:06:04,74
17:06:09,76
17:06:24,73
17:06:39,73
17:06:44,72
17:06:49,74
17:06:54,76
17:06:59,76
17:07:14,76
17:07:24,75
17:07:29,74
17:07:39,73
17:07:54,73
17:08:09,73
17:08:14,72
17:08:19,70
17:08:24,69
17:08:29,69
17:08:44,69
17:08:59,69
17:09:04,68
17:09:11,69
17:09:26,69
17:09:31,73
17:09:46,73
17:10:01,73
17:10:11,73
17:10:16,65
17:10:21,66
17:10:36,72
17:10:41,72
17:10:46,71
17:11:01,70
17:11:06,69
17:11:16,70
17:11:31,76
17:11:36,76
17:11:41,76
17:11:46,75
17:11:51,74
17:12:06,74
17:12:16,74
17:12:21,72
17:12:26,72
17:12:31,71
17:12:46,70
17:13:01,70
17:13:16,70
17:13:18,70
17:13:33,70
17:13:43,71
17:13:58,71
17:14:13,71
17:14:28,71
17:14:43,71
17:14:58,71
17:15:08,71
17:15:18,71
17:15:23,72
17:15:28,71
17:15:43,70
17:15:48,70
17:16:03,70
17:16:08,71
17:16:13,72
17:16:28,72
17:16:43,72
17:16:48,76
17:16:53,77
17:16:58,78
17:17:03,80
17:17:08,79
17:17:13,78
17:17:28,78
17:17:33,77
17:17:41,77
17:17:46,75
17:17:51,76
17:17:56,76
17:18:01,77
17:18:06,77
17:18:11,76
17:18:26,76
17:18:31,77
17:18:46,77
17:18:56,76
17:19:11,74
17:19:21,72
17:19:26,69
17:19:41,68
17:19:56,68
17:20:11,69
17:20:16,76
17:20:21,77
17:20:31,78
17:20:36,79
17:20:46,77
17:21:01,76
17:21:06,74
17:21:16,73
17:21:26,73
17:21:41,73
17:21:43,73
17:21:58,73
17:22:08,74
17:22:23,74
17:22:28,73
17:22:43,74
17:22:53,73
17:22:58,74
17:23:13,74
17:23:28,74
17:23:43,74
17:23:48,75
17:23:53,75
17:23:58,72
17:24:03,71
17:24:18,71
17:24:23,83
17:24:28,86
17:24:33,86
17:24:43,82
17:24:53,85
17:24:58,83
17:25:03,82
17:25:18,79
17:25:23,73
17:25:28,71
17:25:35,71
17:25:40,72
17:25:45,74
17:25:50,76
17:25:55,73
17:26:00,70
17:26:05,71
17:26:10,69
17:26:20,71
17:26:25,72
17:26:40,71
17:26:45,74
17:26:50,76
17:26:55,74
17:27:00,73
17:27:10,72
17:27:15,70
17:27:25,69
17:27:35,70
17:27:45,71
17:27:55,70
17:28:10,70
17:28:15,69
17:28:25,68
17:28:30,66
17:28:40,65
17:28:45,64
17:28:51,80
17:28:56,87
17:29:01,79
17:29:06,75
17:29:16,76
17:29:21,75
17:29:31,78
17:29:36,76
17:29:51,71
17:29:56,71
17:30:06,70
17:30:11,71
17:30:16,72
17:30:31,72
17:30:46,72
17:30:51,72
17:31:01,72
17:31:11,71
17:31:16,73
17:31:21,75
17:31:26,76
17:31:31,72
17:31:36,73
17:31:46,75
17:31:51,75
17:32:01,76
17:32:16,76
17:32:18,76
17:32:23,77
17:32:28,78
17:32:33,72
17:32:38,71
17:32:43,71
17:32:58,71
17:33:13,71
17:33:18,70
17:33:28,70
17:33:33,64
17:33:48,64
17:33:53,63
17:34:03,62
17:34:08,60
17:34:18,62
17:34:23,67
17:34:28,66
17:34:43,67
17:34:58,66
17:35:03,65
17:35:08,65
17:35:13,66
17:35:18,64
17:35:23,66
17:35:33,67
17:35:43,68
17:35:50,68
17:36:05,68
17:36:15,67
17:36:25,67
17:36:30,68
17:36:35,69
17:36:50,68
17:37:00,68
17:37:15,68
17:37:30,68
17:37:45,68
17:37:50,69
17:38:05,70
17:38:10,71
17:38:25,71
17:38:40,71
17:38:45,69
17:38:50,69
17:39:00,68
17:39:05,67
17:39:10,66
17:39:15,65
17:39:25,64
17:39:30,63
17:39:35,65
17:39:40,65
17:39:45,62
17:39:52,63
17:40:07,63
17:40:12,64
17:40:17,65
17:40:32,65
17:40:42,66
17:40:47,67
17:41:02,67
17:41:17,67
17:41:22,68
17:41:37,68
17:41:42,69
17:41:47,70
17:41:52,71
17:42:07,71
17:42:22,71
17:42:32,69
17:42:37,69
17:42:52,69
17:42:57,68
17:43:12,68
17:43:17,67
17:43:27,67
17:43:42,67
17:43:57,68
17:44:12,68
17:44:17,68
17:44:25,67
17:44:30,66
17:44:45,66
17:44:55,67
17:45:10,67
17:45:25,67
17:45:30,66
17:45:40,65
17:45:45,65
17:46:00,65
17:46:15,65
17:46:30,65
17:46:35,64
17:46:40,64
17:46:45,65
17:46:50,64
17:47:00,64
17:47:15,64
17:47:20,65
17:47:35,65
17:47:40,67
17:47:45,69
17:47:50,71
17:47:55,75
17:48:10,74
17:48:20,69
17:48:30,68
17:48:37,68
17:48:42,70
17:48:47,73
17:48:52,72
17:49:07,72
17:49:22,71
17:49:27,70
17:49:32,69
17:49:37,68
17:49:52,68
17:50:07,68
17:50:12,68
17:50:17,68
17:50:32,66
17:50:37,66
17:50:42,70
17:50:47,70
17:50:52,71
17:50:57,71
17:51:07,70
17:51:22,70
17:51:27,69
17:51:37,69
17:51:52,69
17:51:57,66
17:52:02,65
17:52:12,63
17:52:19,63
17:52:29,66
17:52:34,68
17:52:39,68
17:52:54,66
17:52:59,65
17:53:09,64
17:53:19,64
17:53:24,64
17:53:29,64
17:53:34,64
17:53:44,66
17:53:59,68
17:54:04,70
17:54:09,72
17:54:24,68
17:54:39,68
17:54:44,67
17:54:49,66
17:55:04,66
17:55:09,65
17:55:14,66
17:55:29,66
17:55:44,66
17:55:59,67
17:56:14,67
17:56:29,67
17:56:31,67
17:56:46,67
17:57:01,67
17:57:06,67
17:57:11,67
17:57:21,67
17:57:26,68
17:57:31,68
17:57:46,68
17:57:56,68
17:58:01,67
17:58:06,66
17:58:11,64
17:58:26,64
17:58:36,63
17:58:51,64
17:58:56,65
17:59:06,64
17:59:11,64
17:59:16,64
17:59:31,66
17:59:46,66
18:00:01,66
18:00:16,66
18:00:31,66
18:00:36,65
18:00:41,65
18:00:48,65
18:00:53,64
18:01:08,64
18:01:13,64
18:01:28,64
18:01:33,63
18:01:48,64
18:02:03,65
18:02:13,64
18:02:18,65
18:02:23,64
18:02:28,63
18:02:38,64
18:02:43,67
18:02:48,68
18:02:53,67
18:02:58,68
18:03:13,68
18:03:23,69
18:03:28,67
18:03:38,68
18:03:43,70
18:03:48,70
18:04:03,70
18:04:08,68
18:04:13,67
18:04:18,70
18:04:25,70
18:04:40,72
18:04:55,72
18:05:00,69
18:05:05,65
18:05:10,63
18:05:15,64
18:05:20,67
18:05:25,66
18:05:30,65
18:05:45,66
18:05:55,65
18:06:00,65
18:06:10,64
18:06:25,66
18:06:30,70
18:06:35,70
18:06:40,69
18:06:50,69
18:07:00,66
18:07:05,65
18:07:10,66
18:07:15,69
18:07:20,69
18:07:30,68
18:07:40,67
18:07:50,66
18:07:57,66
18:08:07,65
18:08:12,65
18:08:27,71
18:08:32,73
18:08:37,72
18:08:52,70
18:08:57,66
18:09:02,66
18:09:07,67
18:09:12,66
18:09:17,65
18:09:27,65
18:09:32,64
18:09:42,64
18:09:47,66
18:09:52,66
18:10:07,66
18:10:12,64
18:10:17,63
18:10:22,62
18:10:37,62
18:10:52,66
18:10:57,66
18:11:12,65
18:11:27,65
18:11:42,64
18:11:44,64
18:11:54,63
18:12:09,62
18:12:14,62
18:12:24,63
18:12:39,63
18:12:44,63
18:12:49,62
18:12:59,62
18:13:04,65
18:13:09,66
18:13:19,68
18:13:24,64
18:13:29,64
18:13:44,64
18:13:49,65
18:14:04,65
18:14:09,66
18:14:14,65
18:14:24,64
18:14:29,65
18:14:34,65
18:14:39,66
18:14:54,66
18:15:04,67
18:15:09,66
18:15:14,66
18:15:21,66
18:15:36,64
18:15:41,62
18:15:46,63
18:16:01,63
18:16:06,63
18:16:11,63
18:16:16,63
18:16:31,63
18:16:36,64
18:16:41,65
18:16:56,65
18:17:06,66
18:17:21,66
18:17:26,66
18:17:41,66
18:17:56,65
18:18:01,68
18:18:06,66
18:18:21,66
18:18:26,66
18:18:36,67
18:18:41,66
18:18:46,66
18:18:56,66
18:19:06,67
18:19:21,67
18:19:23,67
18:19:28,66
18:19:43,67
18:19:48,67
18:19:53,67
18:19:58,66
18:20:13,65
18:20:18,66
18:20:33,66
18:20:43,67
18:20:48,67
18:20:53,67
18:20:58,66
18:21:13,67
18:21:18,64
18:21:23,63
18:21:28,62
18:21:33,65
18:21:38,67
18:21:43,66
18:21:48,67
18:21:53,66
18:21:58,64
18:22:03,63
18:22:13,64
18:22:18,73
18:22:25,73
18:22:30,70
18:22:35,69
18:22:40,68
18:22:45,68
18:23:00,69
18:23:10,72
18:23:15,71
18:23:20,65
18:23:25,63
18:23:35,63
18:23:40,65
18:23:45,67
18:23:50,66
18:23:55,64
18:24:00,65
18:24:10,64
18:24:15,66
18:24:20,66
18:24:30,67
18:24:40,65
18:24:45,66
18:24:50,64
18:25:00,64
18:25:10,64
18:25:25,64
18:25:40,64
18:25:42,64
18:25:57,64
18:26:12,64
18:26:22,64
18:26:27,63
18:26:32,62
18:26:42,61
18:26:47,60
18:26:57,60
18:27:02,60
18:27:07,61
18:27:22,60
18:27:27,58
18:27:42,60
18:27:47,61
18:27:52,61
18:28:02,63
18:28:17,63
18:28:27,63
18:28:42,63
18:28:57,70
18:29:07,70
18:29:22,70
18:29:37,69
18:29:42,67
18:29:57,67
18:30:12,67
18:30:14,67
18:30:24,65
18:30:29,64
18:30:44,64
18:30:49,64
18:30:59,63
18:31:09,63
18:31:14,62
18:31:19,61
18:31:24,62
18:31:34,62
18:31:49,62
18:31:59,63
18:32:09,62
18:32:14,64
18:32:19,65
18:32:34,66
18:32:39,67
18:32:49,68
18:32:59,67
18:33:09,66
18:33:24,66
18:33:39,66
18:33:44,66
18:33:49,65
18:33:54,65
18:34:09,65
18:34:11,65
18:34:21,65
18:34:26,64
18:34:31,64
18:34:41,64
18:34:46,63
18:34:51,64
18:35:06,64
18:35:21,64
18:35:36,64
18:35:51,63
18:36:06,63
18:36:11,62
18:36:16,62
18:36:26,61
18:36:31,60
18:36:41,60
18:36:56,61
18:37:06,60
18:37:16,61
18:37:21,61
18:37:31,61
18:37:46,61
18:37:51,62
18:38:06,62
18:38:11,63
18:38:16,64
18:38:24,65
18:38:29,66
18:38:34,67
18:38:39,68
18:38:44,67
18:38:59,67
18:39:04,67
18:39:09,68
18:39:14,71
18:39:19,71
18:39:24,69
18:39:34,68
18:39:39,65
18:39:44,65
18:39:59,65
18:40:14,65
18:40:19,66
18:40:34,66
18:40:49,66
18:40:59,61
18:41:09,60
18:41:14,61
18:41:19,61
18:41:24,62
18:41:29,61
18:41:34,63
18:41:39,62
18:41:46,62
18:41:51,61
18:42:06,63
18:42:11,65
18:42:21,64
18:42:26,65
18:42:41,64
18:42:51,67
18:43:01,68
18:43:11,66
18:43:26,66
18:43:36,65
18:43:51,65
18:44:06,65
18:44:16,64
18:44:21,63
18:44:26,62
18:44:41,62
18:44:56,62
18:45:11,63
18:45:26,63
18:45:36,63
18:45:41,63
18:45:46,63
18:45:51,64
18:45:56,63
18:46:01,63
18:46:08,62
18:46:23,62
18:46:38,63
18:46:43,62
18:46:53,62
18:47:08,68
18:47:23,69
18:47:28,70
18:47:33,71
18:47:38,66
18:47:43,62
18:47:48,62
18:48:03,62
18:48:13,63
18:48:18,64
18:48:28,65
18:48:33,67
18:48:38,70
18:48:43,72
18:48:48,74
18:48:53,76
18:48:58,77
18:49:03,78
18:49:18,78
18:49:23,78
18:49:38,78
18:49:48,78
18:49:55,80
18:50:00,81
18:50:05,85
18:50:10,84
18:50:20,87
18:50:25,89
18:50:30,91
18:50:35,89
18:50:50,89
18:51:05,88
18:51:15,87
18:51:30,87
18:51:45,87
18:52:00,87
18:52:05,87
18:52:20,87
18:52:35,87
18:52:45,86
18:52:50,87
18:52:55,85
18:53:00,84
18:53:05,83
18:53:15,76
18:53:30,75
18:53:35,74
18:53:40,74
18:53:55,74
18:53:57,74
18:54:12,74
18:54:27,75
18:54:32,76
18:54:37,78
18:54:42,80
18:54:47,80
18:55:02,80
18:55:17,79
18:55:22,78
18:55:37,78
18:55:52,78
18:56:07,78
18:56:22,77
18:56:27,76
18:56:32,77
18:56:47,79
18:56:52,81
18:57:02,82
18:57:07,81
18:57:22,84
18:57:27,86
18:57:37,84
18:57:42,83
18:57:47,82
18:57:52,81
18:58:07,81
18:58:10,81
18:58:25,81
18:58:40,80
18:58:45,80
18:58:50,78
18:59:05,78
18:59:20,78
18:59:35,77
18:59:40,76
18:59:55,76
19:00:05,79
19:00:10,85
19:00:15,86
19:00:30,86
19:00:45,86
19:00:50,85
19:00:55,84
19:01:00,87
19:01:05,90
19:01:10,94
19:01:15,95
19:01:20,92
19:01:25,94
19:01:30,97
19:01:35,98
19:01:45,99
19:01:50,100
19:01:57,101
19:02:12,101
19:02:17,100
19:02:22,103
19:02:32,106
19:02:37,104
19:02:42,107
19:02:47,104
19:02:52,104
19:02:57,102
19:03:02,102
19:03:17,102
19:03:27,102
19:03:37,102
19:03:52,101
19:03:57,97
19:04:02,91
19:04:07,92
19:04:12,93
19:04:17,94
19:04:22,93
19:04:27,94
19:04:32,96
19:04:37,98
19:04:42,100
19:04:47,103
19:04:52,106
19:04:59,105
19:05:14,104
19:05:24,104
19:05:29,102
19:05:34,101
19:05:49,74
19:05:54,73
19:06:04,74
19:06:14,71
19:06:19,71
19:06:24,72
19:06:29,73
19:06:34,72
19:06:39,73
19:06:49,71
19:07:04,67
19:07:19,70
19:07:24,69
19:07:29,68
19:07:34,69
19:07:39,70
19:07:44,67
19:07:49,70
19:07:54,72
19:08:00,72
19:08:10,71
19:08:15,72
19:08:20,69
19:08:25,68
19:08:30,67
19:08:35,68
19:08:40,68
19:08:45,72
19:08:50,69
19:08:55,69
19:09:10,68
19:09:15,69
19:09:25,67
19:09:30,70
19:09:35,70
19:09:50,70
19:10:00,84
19:10:15,84
19:10:20,83
19:10:30,82
19:10:35,82
19:10:45,68
19:10:50,68
19:11:05,68
19:11:07,68
19:11:12,69
19:11:17,70
19:11:22,76
19:11:27,83
19:11:32,82
19:11:37,83
19:11:42,78
19:11:47,79
19:11:52,81
19:11:57,79
19:12:02,78
19:12:07,79
19:12:12,82
19:12:17,78
19:12:22,78
19:12:32,77
19:12:47,76
19:12:52,76
19:13:02,77
19:13:07,76
19:13:12,75
19:13:17,78
19:13:22,76
19:13:27,77
19:13:32,80
19:13:37,78
19:13:43,77
19:13:58,77
19:14:08,78
19:14:13,76
19:14:18,74
19:14:23,73
19:14:28,72
19:14:43,72
19:14:48,75
19:14:53,72
19:14:58,74
19:15:03,74
19:15:13,73
19:15:23,72
19:15:28,64
19:15:33,62
19:15:38,62
19:15:53,63
19:16:03,61
19:16:08,62
19:16:13,62
19:16:18,64
19:16:23,68
19:16:28,67
19:16:43,66
19:16:58,66
19:17:08,66
19:17:15,66
19:17:20,67
19:17:30,66
19:17:40,65
19:17:45,67
19:17:50,67
19:18:00,66
19:18:05,63
19:18:10,62
19:18:15,63
19:18:20,64
19:18:25,66
19:18:30,65
19:18:45,64
19:18:50,65
19:18:55,66
19:19:00,66
19:19:10,67
19:19:15,68
19:19:30,72
19:19:40,69
19:19:45,67
19:19:50,69
19:19:55,70
19:20:10,69
19:20:15,70
19:20:20,72
19:20:27,74
19:20:32,73
19:20:37,73
19:20:52,73
19:21:02,72
19:21:12,70
19:21:17,68
19:21:22,69
19:21:27,71
19:21:32,70
19:21:42,71
19:21:47,73
19:21:57,73
19:22:12,71
19:22:17,66
19:22:22,63
19:22:37,64
19:22:42,65
19:22:47,64
19:22:57,63
19:23:02,62
19:23:12,63
19:23:27,63
19:23:42,63
19:23:47,64
19:23:57,64
19:24:02,69
19:24:09,69
19:24:14,67
19:24:19,65
19:24:24,66
19:24:29,66
19:24:44,65
19:24:49,66
19:24:54,66
19:25:09,66
19:25:24,66
19:25:29,66
19:25:34,66
19:25:49,78
19:25:54,76
19:25:59,74
19:26:09,76
19:26:14,76
19:26:19,74
19:26:24,73
19:26:29,72
19:26:39,72
19:26:44,73
19:26:49,70
19:26:54,67
19:26:59,68
19:27:09,65
19:27:15,62
19:27:30,62
19:27:45,62
19:28:00,61
19:28:05,62
19:28:10,68
19:28:15,68
19:28:25,67
19:28:30,72
19:28:35,72
19:28:45,73
19:28:55,74
19:29:00,73
19:29:05,72
19:29:20,73
19:29:25,74
19:29:30,74
19:29:40,76
19:29:50,75
19:29:55,74
19:30:00,77
19:30:05,77
19:30:10,78
19:30:25,78
19:30:40,75
19:30:55,75
19:31:10,75
19:31:12,75
19:31:17,73
19:31:32,73
19:31:37,73
19:31:42,72
19:31:47,71
19:31:52,71
19:32:02,70
19:32:12,68
19:32:17,70
19:32:32,70
19:32:37,72
19:32:42,74
19:32:47,77
19:32:52,80
19:32:57,82
19:33:02,86
19:33:07,88
19:33:12,90
19:33:17,93
19:33:22,94
19:33:27,96
19:33:32,99
19:33:37,98
19:33:42,95
19:33:47,97
19:33:57,96
19:34:04,96
19:34:14,95
19:34:19,96
19:34:24,97
19:34:29,101
19:34:34,100
19:34:39,94
19:34:44,95
19:34:49,97
19:34:54,100
19:35:04,99
19:35:09,102
19:35:14,104
19:35:29,104
19:35:34,106
19:35:39,107
19:35:44,107
19:35:49,104
19:35:54,99
19:35:59,88
19:36:04,86
19:36:09,84
19:36:19,83
19:36:24,82
19:36:39,82
19:36:54,82
19:36:55,82
19:37:05,74
19:37:10,71
19:37:15,71
19:37:20,72
19:37:25,71
19:37:35,70
19:37:45,68
19:37:50,67
19:37:55,66
19:38:00,64
19:38:10,69
19:38:15,73
19:38:20,77
19:38:25,78
19:38:30,77
19:38:35,73
19:38:40,72
19:38:55,77
19:39:00,76
19:39:05,77
19:39:20,79
19:39:30,79
19:39:35,76
19:39:40,75
19:39:45,74
19:39:55,76
19:40:02,77
19:40:07,76
19:40:12,75
19:40:22,75
19:40:27,76
19:40:42,76
19:40:47,75
19:40:52,76
19:41:07,77
19:41:12,78
19:41:27,80
19:41:32,79
19:41:37,80
19:41:42,82
19:41:57,82
19:42:12,82
19:42:27,82
19:42:37,82
19:42:52,82
19:42:57,82
19:43:02,83
19:43:17,81
19:43:22,80
19:43:27,80
19:43:37,98
19:43:44,98
19:43:59,98
19:44:04,98
19:44:19,98
19:44:34,98
19:44:39,98
19:44:49,97
19:45:04,98
19:45:09,95
19:45:14,91
19:45:29,90
19:45:39,91
19:45:44,92
19:45:49,94
19:45:54,94
19:45:59,95
19:46:04,97
19:46:09,96
19:46:14,94
19:46:19,95
19:46:24,134
19:46:29,134
19:46:35,134
19:46:50,134
19:47:05,134
19:47:15,134
19:47:25,133
19:47:40,133
19:47:45,133
19:47:55,132
19:48:10,132
19:48:20,130
19:48:30,128
19:48:35,124
19:48:40,123
19:48:45,121
19:48:55,120
19:49:00,121
19:49:05,122
19:49:10,120
19:49:15,119
19:49:20,121
19:49:25,115
19:49:30,111
19:49:35,109
19:49:40,107
19:49:45,102
19:49:50,99
19:50:00,97
19:50:07,98
19:50:12,99
19:50:17,101
19:50:22,99
19:50:37,97
19:50:42,96
19:50:57,95
19:51:07,93
19:51:12,92
19:51:22,91
19:51:32,90
19:51:47,90
19:51:52,93
19:51:57,95
19:52:07,94
19:52:17,92
19:52:22,93
19:52:27,94
19:52:32,97
19:52:37,100
19:52:42,95
19:52:47,92
19:52:52,91
19:52:57,93
19:53:02,95
19:53:07,93
19:53:17,94
19:53:24,94
19:53:29,94
19:53:44,94
19:53:49,92
19:53:59,90
19:54:04,89
19:54:09,72
19:54:14,71
19:54:19,70
19:54:24,71
19:54:29,70
19:54:34,70
19:54:39,81
19:54:44,88
19:54:49,91
19:54:54,91
19:55:09,92
19:55:14,91
19:55:29,90
19:55:34,92
19:55:39,94
19:55:54,93
19:56:04,91
19:56:09,89
19:56:15,88
19:56:30,84
19:56:35,83
19:56:40,83
19:56:55,83
19:57:05,83
19:57:20,83
19:57:30,84
19:57:45,84
19:57:50,80
19:57:55,79
19:58:10,79
19:58:15,83
19:58:20,84
19:58:25,83
19:58:30,82
19:58:35,83
19:58:40,84
19:58:45,84
19:59:00,84
19:59:05,88
19:59:10,90
19:59:15,89
19:59:25,88
19:59:30,88
19:59:35,90
19:59:40,91
19:59:48,93
19:59:53,94
19:59:58,97
20:00:03,104
20:00:08,104
20:00:13,103
20:00:18,102
20:00:23,100
20:00:28,98
20:00:38,92
20:00:43,89
20:00:48,91
20:00:58,92
20:01:03,91
20:01:08,88
20:01:18,84
20:01:23,81
20:01:28,77
20:01:33,75
20:01:43,90
20:01:48,92
20:01:53,92
20:02:08,92
20:02:13,90
20:02:28,89
20:02:29,89
20:02:44,88
20:02:49,88
20:02:54,86
20:03:04,89
20:03:09,88
20:03:14,87
20:03:19,86
20:03:24,85
20:03:29,83
20:03:44,84
20:03:54,82
20:04:04,80
20:04:09,79
20:04:14,76
20:04:19,75
20:04:24,73
20:04:34,79
20:04:39,80
20:04:44,84
20:04:49,84
20:05:04,84
20:05:09,90
20:05:14,88
20:05:19,87
20:05:24,87
20:05:29,83
20:05:36,86
20:05:41,87
20:05:46,87
20:05:51,90
20:05:56,91
20:06:01,91
20:06:16,91
20:06:21,92
20:06:31,97
20:06:46,96
20:06:51,95
20:07:01,95
20:07:16,95
20:07:21,94
20:07:36,93
20:07:51,92
20:07:56,91
20:08:01,88
20:08:06,88
20:08:11,89
20:08:16,92
20:08:21,90
20:08:26,91
20:08:31,90
20:08:36,90
20:08:41,90
20:08:46,93
20:08:53,95
20:08:58,95
20:09:03,94
20:09:08,93
20:09:23,93
20:09:28,92
20:09:43,92
20:09:48,95
20:09:53,96
20:09:58,95
20:10:03,94
20:10:08,93
20:10:18,95
20:10:23,95
20:10:38,95
20:10:48,94
20:11:03,94
20:11:08,93
20:11:13,93
20:11:18,94
20:11:28,95
20:11:33,94
20:11:38,94
20:11:53,94
20:12:03,93
20:12:18,93
20:12:23,91
20:12:30,91
20:12:40,91
20:12:45,91
20:12:50,91
20:12:55,90
20:13:00,91
20:13:10,89
20:13:15,88
20:13:25,89
20:13:30,87
20:13:45,86
20:13:50,94
20:13:55,93
20:14:00,92
20:14:05,91
20:14:10,91
20:14:25,91
20:14:30,92
20:14:35,92
20:14:45,91
20:14:55,91
20:15:10,91
20:15:15,90
20:15:20,87
20:15:25,85
20:15:30,86
20:15:37,85
20:15:52,85
20:15:57,84
20:16:12,84
20:16:27,84
20:16:42,85
20:16:57,85
20:17:07,87
20:17:12,89
20:17:17,88
20:17:22,87
20:17:27,84
20:17:32,84
20:17:47,84
20:17:52,81
20:17:57,82
20:18:07,80
20:18:17,81
20:18:22,80
20:18:27,78
20:18:32,77
20:18:37,82
20:18:42,82
20:18:52,81
20:19:02,82
20:19:07,82
20:19:22,82
20:19:24,82
20:19:29,82
20:19:39,80
20:19:44,80
20:19:49,78
20:19:54,83
20:19:59,87
20:20:04,87
20:20:19,86
20:20:24,85
20:20:34,84
20:20:44,84
20:20:54,80
20:20:59,78
20:21:14,77
20:21:29,75
20:21:34,73
20:21:39,74
20:21:49,71
20:21:54,72
20:21:59,76
20:22:04,81
20:22:09,82
20:22:14,84
20:22:24,86
20:22:29,89
20:22:34,90
20:22:41,91
20:22:46,88
20:22:51,86
20:23:06,86
20:23:21,86
20:23:31,85
20:23:36,85
20:23:51,85
20:24:06,85
20:24:21,85
20:24:36,85
20:24:51,85
20:24:56,84
20:25:01,83
20:25:11,82
20:25:26,83
20:25:31,83
20:25:46,80
20:26:01,80
20:26:11,81
20:26:16,80
20:26:26,83
20:26:31,85
20:26:36,83
20:26:46,80
20:26:51,78
20:27:01,79
20:27:08,79
20:27:13,80
20:27:23,92
20:27:28,95
20:27:38,94
20:27:43,93
20:27:53,86
20:28:08,85
20:28:18,87
20:28:23,84
20:28:28,83
20:28:43,83
20:28:48,82
20:28:53,81
20:29:03,80
20:29:13,77
20:29:18,78
20:29:23,79
20:29:38,79
20:29:48,86
20:29:53,86
20:30:08,86
20:30:13,90
20:30:18,89
20:30:33,89
20:30:38,88
20:30:45,87
20:30:50,86
20:31:05,86
20:31:10,85
20:31:25,85
20:31:30,84
20:31:35,83
20:31:50,84
20:31:55,87
20:32:00,90
20:32:05,88
20:32:10,87
20:32:25,86
20:32:30,84
20:32:35,83
20:32:45,82
20:32:50,80
20:32:55,77
20:33:00,76
20:33:15,77
20:33:20,78
20:33:25,77
20:33:35,77
20:33:45,78
20:33:55,77
20:34:00,79
20:34:07,89
20:34:17,88
20:34:32,88
20:34:42,86
20:34:47,84
20:34:52,83
20:35:07,80
20:35:12,78
20:35:17,76
20:35:22,75
20:35:27,76
20:35:37,76
20:35:47,77
20:35:57,80
20:36:02,99
20:36:07,99
20:36:17,97
20:36:22,96
20:36:32,94
20:36:47,88
20:36:52,87
20:36:57,86
20:37:02,87
20:37:07,85
20:37:17,85
20:37:24,85
20:37:29,83
20:37:34,82
20:37:39,80
20:37:54,80
20:37:59,81
20:38:04,79
20:38:09,78
20:38:24,77
20:38:39,77
20:38:49,84
20:38:54,90
20:38:59,91
20:39:04,91
20:39:19,91
20:39:34,90
20:39:39,90
20:39:49,86
20:39:54,82
20:39:59,80
20:40:04,81
20:40:14,82
20:40:24,81
20:40:29,84
20:40:34,86
20:40:39,86
20:40:49,85
20:40:56,83
20:41:01,81
20:41:06,85
20:41:11,84
20:41:21,86
20:41:26,84
20:41:31,78
20:41:36,77
20:41:51,77
20:42:01,84
20:42:06,90
20:42:11,93
20:42:16,93
20:42:31,92
20:42:36,92
20:42:41,91
20:42:56,90
20:43:06,89
20:43:11,88
20:43:16,87
20:43:31,86
20:43:36,85
20:43:41,84
20:43:46,83
20:43:51,85
20:43:56,82
20:44:01,78
20:44:07,78
20:44:17,82
20:44:27,81
20:44:32,80
20:44:47,79
20:44:52,82
20:44:57,79
20:45:02,79
20:45:17,79
20:45:32,78
20:45:42,77
20:45:52,78
20:46:07,78
20:46:22,78
20:46:27,77
20:46:32,76
20:46:42,77
20:46:57,76
20:47:07,75
20:47:12,73
20:47:17,69
20:47:22,68
20:47:27,69
20:47:37,68
20:47:42,83
20:47:49,80
20:47:54,76
20:47:59,76
20:48:14,79
20:48:19,81
20:48:29,84
20:48:34,81
20:48:39,78
20:48:54,79
20:48:59,79
20:49:04,76
20:49:09,74
20:49:14,74
20:49:29,75
20:49:34,76
20:49:39,74
20:49:44,72
20:49:54,75
20:49:59,75
20:50:04,76
20:50:09,75
20:50:19,76
20:50:34,74
20:50:39,74
20:50:49,75
20:50:54,76
20:50:59,76
20:51:05,76
20:51:15,76
20:51:20,76
20:51:30,76
20:51:35,75
20:51:40,75
20:51:45,72
20:51:50,71
20:51:55,72
20:52:00,73
20:52:05,75
20:52:20,75
20:52:30,75
20:52:45,75
20:52:55,84
20:53:00,78
20:53:05,76
20:53:10,74
20:53:15,75
20:53:20,72
20:53:25,73
20:53:30,75
20:53:35,74
20:53:40,76
20:53:45,77
20:53:50,78
20:53:57,78
20:54:12,78
20:54:27,77
20:54:32,78
20:54:37,80
20:54:42,81
20:54:57,82
20:55:12,82
20:55:17,84
20:55:32,84
20:55:37,82
20:55:42,80
20:55:47,79
20:55:52,78
20:55:57,81
20:56:02,94
20:56:07,93
20:56:17,92
20:56:27,89
20:56:32,88
20:56:37,80
20:56:42,79
20:56:57,79
20:57:07,80
20:57:12,82
20:57:17,83
20:57:24,83
20:57:39,83
20:57:44,82
20:57:59,82
20:58:04,81
20:58:09,82
20:58:14,81
20:58:19,80
20:58:29,81
20:58:39,79
20:58:49,77
20:58:54,79
20:59:09,79
20:59:14,77
20:59:19,76
20:59:29,76
20:59:34,81
20:59:39,81
20:59:49,79
20:59:54,81
20:59:59,81
21:00:14,81
21:00:29,81
21:00:39,81
21:00:49,81
21:00:54,85
21:01:09,85
21:01:11,85
21:01:16,83
21:01:21,82
21:01:36,82
21:01:51,82
21:02:06,81
21:02:11,80
21:02:21,80
21:02:26,87
21:02:31,86
21:02:36,94
21:02:41,94
21:02:51,94
21:02:56,94
21:03:11,94
21:03:16,93
21:03:21,94
21:03:26,93
21:03:36,92
21:03:41,75
21:03:46,73
21:03:51,74
21:03:56,78
21:04:01,78
21:04:08,78
21:04:13,77
21:04:28,76
21:04:43,77
21:04:48,76
21:04:53,76
21:05:08,77
21:05:13,85
21:05:18,87
21:05:23,90
21:05:28,89
21:05:33,91
21:05:43,90
21:05:53,89
21:05:58,88
21:06:03,80
21:06:13,79
21:06:28,79
21:06:33,85
21:06:38,85
21:06:48,84
21:06:53,83
21:07:03,82
21:07:13,80
21:07:18,78
21:07:23,77
21:07:29,71
21:07:34,71
21:07:49,71
21:07:54,72
21:08:04,74
21:08:09,77
21:08:14,79
21:08:19,79
21:08:34,79
21:08:39,79
21:08:54,79
21:09:09,78
21:09:19,79
21:09:24,78
21:09:29,78
21:09:39,78
21:09:44,76
21:09:49,75
21:09:59,75
21:10:04,75
21:10:14,74
21:10:19,75
21:10:34,75
21:10:44,73
21:10:49,75
21:11:04,74
21:11:09,73
21:11:16,71
21:11:31,73
21:11:41,74
21:11:46,76
21:12:01,76
21:12:16,76
21:12:21,77
21:12:26,76
21:12:31,77
21:12:36,76
21:12:51,76
21:12:56,79
21:13:06,79
21:13:21,79
21:13:31,78
21:13:41,79
21:13:46,81
21:14:01,80
21:14:06,76
21:14:11,76
21:14:26,76
21:14:41,76
21:14:46,76
21:14:51,76
21:14:56,72
21:15:01,65
21:15:06,65
21:15:14,65
21:15:29,65
21:15:44,66
21:15:54,66
21:16:09,66
21:16:14,67
21:16:24,66
21:16:39,66
21:16:49,73
21:16:54,77
21:17:09,77
21:17:19,79
21:17:24,80
21:17:39,80
21:17:54,80
21:17:59,81
21:18:04,82
21:18:14,82
21:18:29,81
21:18:39,80
21:18:49,79
21:18:59,78
21:19:04,77
21:19:19,77
21:19:24,71
21:19:29,72
21:19:34,74
21:19:42,75
21:19:47,75
21:20:02,75
21:20:12,76
21:20:17,72
21:20:22,72
21:20:27,72
21:20:32,73
21:20:37,74
21:20:42,74
21:20:47,76
21:20:52,77
21:20:57,78
21:21:07,73
21:21:12,73
21:21:27,72
21:21:32,73
21:21:47,72
21:21:52,71
21:21:57,72
21:22:02,74
21:22:07,76
21:22:12,79
21:22:17,80
21:22:22,82
21:22:27,81
21:22:32,80
21:22:38,80
21:22:43,82
21:22:53,83
21:23:08,83
21:23:13,78
21:23:18,75
21:23:23,75
21:23:38,76
21:23:53,72
21:23:58,73
21:24:03,74
21:24:18,74
21:24:33,74
21:24:38,74
21:24:43,72
21:24:58,72
21:25:08,73
21:25:13,70
21:25:18,79
21:25:23,73
21:25:28,74
21:25:33,79
21:25:43,80
21:25:58,80
21:26:08,79
21:26:23,77
21:26:25,77
21:26:30,76
21:26:40,75
21:26:55,74
21:27:05,76
21:27:10,75
21:27:25,75
21:27:30,72
21:27:35,70
21:27:40,69
21:27:55,69
21:28:05,72
21:28:15,73
21:28:30,73
21:28:45,75
21:28:50,73
21:28:55,74
21:29:00,75
21:29:05,77
21:29:10,77
21:29:15,74
21:29:25,76
21:29:30,78
21:29:35,72
21:29:40,72
21:29:45,73
21:29:55,74
21:30:02,70
21:30:07,71
21:30:12,70
21:30:17,71
21:30:32,70
21:30:42,71
21:30:47,71
21:30:52,72
21:30:57,71
21:31:02,71
21:31:17,70
21:31:22,74
21:31:27,74
21:31:42,75
21:31:47,69
21:31:52,71
21:31:57,71
21:32:12,71
21:32:22,71
21:32:27,73
21:32:42,73
21:32:57,73
21:33:02,71
21:33:07,70
21:33:12,64
21:33:17,64
21:33:32,64
21:33:34,64
21:33:39,64
21:33:44,66
21:33:54,70
21:33:59,71
21:34:14,71
21:34:19,71
21:34:34,71
21:34:49,71
21:35:04,71
21:35:19,71
21:35:34,70
21:35:39,69
21:35:44,67
21:35:49,66
21:35:54,66
21:35:59,67
21:36:04,68
21:36:14,69
21:36:29,68
21:36:44,68
21:36:59,68
21:37:14,67
21:37:24,66
21:37:39,67
21:37:49,68
21:37:54,69
21:38:02,73
21:38:07,73
21:38:17,68
21:38:22,65
21:38:27,65
21:38:37,66
21:38:52,68
21:38:57,69
21:39:02,69
21:39:07,69
21:39:12,69
21:39:27,68
21:39:37,67
21:39:52,68
21:39:57,72
21:40:02,72
21:40:07,67
21:40:12,65
21:40:22,66
21:40:37,66
21:40:42,73
21:40:57,73
21:41:07,72
21:41:22,72
21:41:27,71
21:41:37,73
21:41:42,69
21:41:49,69
21:41:59,70
21:42:09,73
21:42:14,73
21:42:29,73
21:42:34,72
21:42:39,72
21:42:44,71
21:42:49,70
21:42:54,70
21:42:59,69
21:43:09,70
21:43:24,72
21:43:29,73
21:43:39,73
21:43:44,70
21:43:59,69
21:44:04,72
21:44:09,74
21:44:19,73
21:44:24,74
21:44:29,73
21:44:34,71
21:44:39,71
21:44:54,70
21:45:04,70
21:45:09,71
21:45:16,70
21:45:21,70
21:45:36,70
21:45:46,78
21:45:51,79
21:46:06,70
21:46:11,67
21:46:21,68
21:46:26,67
21:46:31,69
21:46:41,70
21:46:46,70
21:47:01,75
21:47:06,75
21:47:11,71
21:47:16,71
21:47:21,72
21:47:26,77
21:47:31,82
21:47:36,78
21:47:41,73
21:47:56,72
21:48:01,73
21:48:16,73
21:48:31,73
21:48:32,73
21:48:37,72
21:48:52,73
21:48:57,74
21:49:02,77
21:49:07,74
21:49:12,74
21:49:27,79
21:49:32,81
21:49:42,81
21:49:47,80
21:50:02,76
21:50:07,76
21:50:22,76
21:50:27,83
21:50:32,82
21:50:37,84
21:50:47,79
21:50:52,75
21:50:57,72
21:51:02,71
21:51:07,71
21:51:22,71
21:51:37,71
21:51:52,71
21:52:07,71
21:52:17,72
21:52:25,72
21:52:30,72
21:52:35,69
21:52:40,69
21:52:45,73
21:52:50,73
21:53:05,73
21:53:10,73
21:53:25,74
21:53:30,76
21:53:35,75
21:53:40,72
21:53:55,72
21:54:00,71
21:54:05,69
21:54:10,70
21:54:20,71
21:54:30,72
21:54:35,74
21:54:45,78
21:54:50,78
21:54:55,77
21:55:10,78
21:55:15,76
21:55:20,71
21:55:25,69
21:55:30,70
21:55:36,71
21:55:41,76
21:55:46,70
21:55:56,69
21:56:06,68
21:56:11,70
21:56:16,72
21:56:21,73
21:56:26,72
21:56:31,74
21:56:36,72
21:56:46,71
21:56:56,72
21:57:06,71
21:57:11,70
21:57:16,71
21:57:21,68
21:57:26,67
21:57:31,68
21:57:36,70
21:57:46,69
21:57:51,73
21:57:56,75
21:58:01,73
21:58:06,71
21:58:11,70
21:58:16,70
21:58:23,71
21:58:38,72
21:58:53,72
21:58:58,70
21:59:03,71
21:59:08,73
21:59:13,76
21:59:18,79
21:59:23,82
21:59:28,85
21:59:43,85
21:59:53,83
21:59:58,82
22:00:03,84
22:00:08,82
22:00:13,76
22:00:18,76
22:00:28,77
22:00:43,78
22:00:48,80
22:00:53,80
22:01:03,79
22:01:08,73
22:01:13,73
22:01:23,71
22:01:38,69
22:01:48,72
22:01:55,71
22:02:10,71
22:02:20,71
22:02:25,70
22:02:40,70
22:02:50,83
22:02:55,83
22:03:00,78
22:03:05,72
22:03:10,73
22:03:15,73
22:03:20,71
22:03:25,72
22:03:30,70
22:03:35,72
22:03:40,71
22:03:45,70
22:03:50,73
22:03:55,71
22:04:00,70
22:04:05,73
22:04:10,76
22:04:15,77
22:04:20,76
22:04:25,75
22:04:30,74
22:04:37,73
22:04:52,74
22:04:57,76
22:05:02,74
22:05:07,74
22:05:12,77
22:05:17,78
22:05:22,79
22:05:37,79
22:05:52,79
22:06:07,78
22:06:12,73
22:06:17,70
22:06:22,70
22:06:27,70
22:06:42,70
22:06:57,70
22:07:07,70
22:07:12,70
22:07:17,69
22:07:22,68
22:07:32,70
22:07:37,72
22:07:47,70
22:08:02,70
22:08:17,70
22:08:32,70
22:08:34,70
22:08:39,70
22:08:54,70
22:09:09,71
22:09:19,63
22:09:24,61
22:09:29,62
22:09:44,62
22:09:59,64
22:10:04,65
22:10:09,67
22:10:14,68
22:10:19,69
22:10:34,68
22:10:39,67
22:10:44,69
22:10:54,68
22:11:04,69
22:11:19,64
22:11:29,63
22:11:44,73
22:11:49,69
22:11:54,72
22:11:59,72
22:12:09,71
22:12:19,70
22:12:26,70
22:12:41,71
22:12:56,71
22:13:01,70
22:13:11,70
22:13:16,86
22:13:21,86
22:13:26,73
22:13:31,72
22:13:36,68
22:13:51,68
22:13:56,73
22:14:01,74
22:14:06,73
22:14:11,73
22:14:16,68
22:14:21,66
22:14:26,65
22:14:31,64
22:14:36,62
22:14:41,62
22:14:56,62
22:15:01,63
22:15:06,64
22:15:11,64
22:15:26,65
22:15:31,66
22:15:36,68
22:15:41,69
22:15:56,69
22:16:01,68
22:16:06,61
22:16:11,59
22:16:16,59
22:16:21,59
22:16:26,60
22:16:31,61
22:16:36,63
22:16:41,61
22:16:46,61
22:17:01,63
22:17:06,64
22:17:11,62
22:17:16,67
22:17:26,67
22:17:36,66
22:17:51,66
22:17:56,66
22:18:06,67
22:18:11,77
22:18:18,76
22:18:33,76
22:18:48,74
22:18:53,74
22:19:03,73
22:19:18,72
22:19:23,72
22:19:28,76
22:19:43,71
22:19:48,74
22:19:53,73
22:20:03,75
22:20:18,75
22:20:28,75
22:20:43,75
22:20:48,77
22:20:53,76
22:20:58,75
22:21:03,74
22:21:08,73
22:21:23,72
22:21:38,72
22:21:48,73
22:21:53,69
22:21:58,70
22:22:08,69
22:22:13,69
22:22:20,68
22:22:25,67
22:26:55,70
22:59:57,70
23:00:12,70
23:00:27,72
23:00:32,79
23:00:37,80
23:00:42,100
23:00:47,98
23:00:52,97
23:01:07,96
23:01:12,94
23:01:27,94
23:01:32,96
23:01:37,81
23:01:42,82
23:01:47,81
23:01:52,80
23:01:57,79
23:02:07,79
23:02:22,77
23:02:37,78
23:02:42,79
23:02:47,80
23:02:52,81
23:02:57,83
23:03:03,85
23:03:08,86
23:03:18,85
23:03:23,106
23:03:33,104
23:03:38,73
23:03:43,65
23:03:48,62
23:04:03,63
23:04:08,65
23:04:13,64
23:04:18,65
23:04:33,64
23:04:48,64
23:04:53,64
23:05:08,64
23:05:23,65
23:05:28,68
23:05:33,74
23:05:38,76
23:05:43,79
23:05:48,82
23:05:55,81
23:06:00,83
23:06:05,84
23:06:10,87
23:06:15,89
23:06:25,89
23:06:30,83
23:06:35,82
23:06:40,80
23:06:45,79
23:06:50,78
23:06:55,77
23:07:00,75
23:07:05,72
23:07:10,71
23:07:25,71
23:07:40,71
23:07:45,58
23:07:50,57
23:08:05,57
23:08:20,58
23:08:25,59
23:08:30,60
23:08:40,61
23:08:50,60
23:08:55,61
23:09:02,61
23:09:07,60
23:09:12,57
23:09:17,61
23:09:22,63
23:09:27,61
23:09:32,61
23:09:47,61
23:09:52,60
23:10:07,60
23:10:12,59
23:10:27,60
23:10:37,59
23:10:42,60
23:10:52,63
23:10:57,64
23:11:12,64
23:11:27,64
23:11:32,65
23:11:47,65
23:12:02,65
23:12:07,60
23:12:12,59
23:12:27,59
23:12:32,61
23:12:42,62
23:12:47,61
23:12:54,60
23:12:59,59
23:13:14,60
23:13:24,61
23:13:39,60
23:13:49,59
23:14:04,60
23:14:09,60
23:14:24,59
23:14:39,59
23:14:44,60
23:14:49,62
23:14:54,63
23:15:04,64
23:15:09,64
23:15:14,64
23:15:29,64
23:15:34,63
23:15:39,64
23:15:49,63
23:16:04,62
23:16:19,62
23:16:24,61
23:16:29,60
23:16:34,59
23:16:39,62
23:16:44,62
23:16:52,63
23:16:57,64
23:17:02,64
23:17:17,65
23:17:22,65
23:17:27,63
23:17:32,64
23:17:37,62
23:17:42,61
23:17:47,59
23:17:52,58
23:18:07,59
23:18:22,59
23:18:32,60
23:18:37,59
23:18:47,60
23:18:52,61
23:18:57,61
23:19:02,62
23:19:12,63
23:19:22,62
23:19:27,63
23:19:32,64
23:19:37,64
23:19:42,62
23:19:52,63
23:19:57,64
23:20:03,63
23:20:18,62
23:20:28,62
23:20:43,62
23:20:48,63
23:20:53,64
23:20:58,65
23:21:03,62
23:21:08,62
23:21:13,61
23:21:23,62
23:21:28,63
23:21:38,62
23:21:53,62
23:22:08,63
23:22:13,64
23:22:23,64
23:22:33,63
23:22:38,64
23:22:53,67
23:23:03,69
23:23:08,67
23:23:13,66
23:23:18,64
23:23:33,63
23:23:38,63
23:23:48,62
23:23:55,60
23:24:05,59
23:24:10,60
23:24:15,62
23:24:25,60
23:24:40,60
23:24:50,61
23:24:55,63
23:25:10,63
23:25:20,62
23:25:30,62
23:25:35,63
23:25:40,60
23:25:45,59
23:26:00,59
23:26:15,59
23:26:20,56
23:26:25,58
23:26:30,58
23:26:45,58
23:26:50,59
